{
"type": "FeatureCollection",
"name": "boundary",
"crs": { "type": "name", "properties": { "name": "urn:ogc:def:crs:EPSG::3857" } },
"features": [
{ "type": "Feature", "properties": { "fid": 1 }, "geometry": { "type": "Polygon", "coordinates": [ [ [ 4503837.682741345837712, 9489398.412921646609902 ], [ 4504113.517077442258596, 9489528.01228148303926 ], [ 4504920.106270356103778, 9489846.293131291866302 ], [ 4504958.48143841791898, 9491053.437789944931865 ], [ 4504978.663884737528861, 9491824.860975071787834 ], [ 4505042.069017664529383, 9493312.999343706294894 ], [ 4505112.292135443538427, 9495212.618528602644801 ], [ 4504900.915569379925728, 9496167.877117943018675 ], [ 4504798.295808111317456, 9496892.8509256914258 ], [ 4504686.253853823058307, 9497684.30374606885016 ], [ 4504503.720390462316573, 9499535.424218276515603 ], [ 4503962.552263198420405, 9500526.887914966791868 ], [ 4503347.232108046300709, 9501612.29833915643394 ], [ 4503073.353544084355235, 9502346.136253451928496 ], [ 4502953.948028118349612, 9503057.094147359952331 ], [ 4502909.575411171652377, 9503659.653376016765833 ], [ 4503027.495368531905115, 9504578.802532250061631 ], [ 4503264.588518081232905, 9505621.512259988114238 ], [ 4503503.655028243549168, 9506324.570670515298843 ], [ 4503865.196355372667313, 9506869.556474050506949 ], [ 4501322.007632673718035, 9510069.566488076001406 ], [ 4499650.376384106464684, 9516956.585223594680429 ], [ 4498687.723944270052016, 9518966.226153900846839 ], [ 4497996.408755740150809, 9528981.467065529897809 ], [ 4497703.758831324055791, 9539537.771635394543409 ], [ 4497922.564971522428095, 9541419.262718800455332 ], [ 4498597.568069787696004, 9543316.408046469092369 ], [ 4499633.962102550081909, 9545339.982009388506413 ], [ 4500798.572255014441907, 9547028.778583660721779 ], [ 4502645.793970301747322, 9548762.931323811411858 ], [ 4504104.92299011349678, 9548238.013387273997068 ], [ 4506821.656795209273696, 9545720.552175918594003 ], [ 4507240.726476705633104, 9544929.672917420044541 ], [ 4507712.272388800978661, 9543643.84476756863296 ], [ 4508718.397204863838851, 9540699.968316271901131 ], [ 4509254.286116596311331, 9538220.278224078938365 ], [ 4509511.005560289137065, 9538149.42330464720726 ], [ 4509921.524457740597427, 9538176.803121713921428 ], [ 4510043.230057024396956, 9538160.1864572186023 ], [ 4510177.339875848032534, 9538158.879887707531452 ], [ 4510315.441500292159617, 9538183.090060340240598 ], [ 4510440.588986912742257, 9538179.157821724191308 ], [ 4510556.596475421451032, 9538168.677861018106341 ], [ 4510643.827096323482692, 9538179.081930946558714 ], [ 4510709.721555704250932, 9538199.194840578362346 ], [ 4510760.195148663595319, 9538227.848311975598335 ], [ 4510806.261825621128082, 9538270.484746849164367 ], [ 4510854.974121597595513, 9538355.499415870755911 ], [ 4510888.086772051639855, 9538445.084635401144624 ], [ 4510934.628783235326409, 9538555.747033396735787 ], [ 4510944.528870829381049, 9538651.303963974118233 ], [ 4510930.6960882646963, 9538725.9334587007761 ], [ 4510922.614738510921597, 9538796.40477205440402 ], [ 4510950.739607859402895, 9538882.141989801079035 ], [ 4510837.857191415503621, 9539066.665788976475596 ], [ 4510813.342747111804783, 9539140.830187525600195 ], [ 4510824.450539861805737, 9539237.401075312867761 ], [ 4510841.931930056773126, 9539333.722622290253639 ], [ 4510874.98279819265008, 9539434.138054640963674 ], [ 4511131.753782809711993, 9539947.66199310310185 ], [ 4511797.226485510356724, 9540507.886628743261099 ], [ 4511990.998430702835321, 9540882.987891921773553 ], [ 4512009.063135029748082, 9541125.934376448392868 ], [ 4511934.31643842253834, 9541353.214235635474324 ], [ 4511638.854249709285796, 9541762.503016477450728 ], [ 4511558.035520157776773, 9541948.306398449465632 ], [ 4511517.045679896138608, 9542192.355271304026246 ], [ 4511498.883125737309456, 9542475.653916796669364 ], [ 4511443.6981579689309, 9542759.791716625913978 ], [ 4511511.650580774992704, 9543319.194302447140217 ], [ 4512296.00192429125309, 9543531.089998567476869 ], [ 4513085.653522721491754, 9542051.856117891147733 ], [ 4513425.249436754733324, 9541404.595516180619597 ], [ 4514129.021832901984453, 9540067.286952765658498 ], [ 4514369.152446076273918, 9539610.83943547308445 ], [ 4514299.583998221904039, 9538918.736300127580762 ], [ 4514815.755222509615123, 9536668.197413068264723 ], [ 4514895.750855745747685, 9536216.602816810831428 ], [ 4514998.554516813717782, 9536073.294563243165612 ], [ 4515295.523637472651899, 9535609.649734448641539 ], [ 4515380.116209083236754, 9535487.103421855717897 ], [ 4515523.422687638550997, 9535282.379596607759595 ], [ 4515580.138187085278332, 9535225.034653892740607 ], [ 4515673.38863209169358, 9535192.571770085021853 ], [ 4515797.910948451608419, 9535182.509688057005405 ], [ 4515891.951650523580611, 9535212.5512979272753 ], [ 4516006.227341714315116, 9535284.035734696313739 ], [ 4516241.467800977639854, 9535446.246347483247519 ], [ 4516321.829675340093672, 9535492.882999671623111 ], [ 4516405.976968985982239, 9535528.393486658111215 ], [ 4516517.968384225852787, 9535584.007520442828536 ], [ 4516645.538850883021951, 9535590.958230122923851 ], [ 4516757.433306846767664, 9535554.875982437282801 ], [ 4516890.637764251790941, 9535506.517556069418788 ], [ 4516969.077039687894285, 9535475.380304476246238 ], [ 4517059.723610484972596, 9535450.302716407924891 ], [ 4517120.132467998191714, 9535436.922703737393022 ], [ 4517212.259699342772365, 9535434.783207520842552 ], [ 4517295.855293592438102, 9535433.758168259635568 ], [ 4517376.252901510335505, 9535450.853558970615268 ], [ 4517441.388718561269343, 9535477.196814170107245 ], [ 4517500.223184515722096, 9535521.762711154296994 ], [ 4517584.767220827750862, 9535619.295047651976347 ], [ 4517647.13685985095799, 9535731.386348372325301 ], [ 4517653.76816191803664, 9535884.68502633087337 ], [ 4517647.700915711000562, 9536030.800722232088447 ], [ 4517560.058857969939709, 9536161.580318830907345 ], [ 4517464.617088788188994, 9536260.031944425776601 ], [ 4517354.194610452279449, 9536391.730942975729704 ], [ 4517231.506616661325097, 9536502.699035966768861 ], [ 4517158.701331974007189, 9536637.775707256048918 ], [ 4517162.167820916511118, 9536764.894545646384358 ], [ 4517207.900094124488533, 9536888.676569590345025 ], [ 4517270.986853308044374, 9536998.726560100913048 ], [ 4517362.535111979581416, 9537086.405394800007343 ], [ 4517465.840156033635139, 9537142.601202828809619 ], [ 4517591.703204340301454, 9537156.346119003370404 ], [ 4517714.121359685435891, 9537114.645223228260875 ], [ 4517800.668033637106419, 9537037.740254081785679 ], [ 4517897.68319250177592, 9536937.571703782305121 ], [ 4517985.853349906392395, 9536819.810673834756017 ], [ 4518084.81715645827353, 9536686.918106824159622 ], [ 4518219.472329468466341, 9536590.121139075607061 ], [ 4518404.549443192780018, 9536491.285282146185637 ], [ 4518572.916610794141889, 9536435.476891212165356 ], [ 4518823.011208950541914, 9536446.185543539002538 ], [ 4519057.547461115755141, 9536496.969994628801942 ], [ 4519314.80814017355442, 9536590.001462034881115 ], [ 4519497.863580625504255, 9536670.263234060257673 ], [ 4519624.913962621241808, 9536748.629034539684653 ], [ 4519732.396381886675954, 9536842.97614399716258 ], [ 4519920.581313155591488, 9537026.439060850068927 ], [ 4520077.215740385465324, 9537085.882585775107145 ], [ 4520193.744426750577986, 9537122.919203294441104 ], [ 4520306.881542189978063, 9537138.560809606686234 ], [ 4520445.195230263285339, 9537120.2707254961133 ], [ 4520573.53513724077493, 9537074.557326201349497 ], [ 4520692.332737466320395, 9537011.491297813132405 ], [ 4520789.327636185102165, 9536910.089269530028105 ], [ 4520891.125859611667693, 9536802.149544047191739 ], [ 4521057.105335454456508, 9536609.802173364907503 ], [ 4521184.277500973083079, 9536506.443395771086216 ], [ 4521339.007474354468286, 9536337.231657408177853 ], [ 4521414.09503124281764, 9536234.946091342717409 ], [ 4521431.722138651646674, 9536155.904741074889898 ], [ 4521422.016748847439885, 9536045.618657132610679 ], [ 4521369.428864798508584, 9535983.019116694107652 ], [ 4521321.505044776014984, 9535932.771257132291794 ], [ 4521239.290702766738832, 9535911.066661844030023 ], [ 4521148.461122727021575, 9535908.502587378025055 ], [ 4520887.940675022080541, 9535940.515391133725643 ], [ 4520734.090570895001292, 9535865.192160379141569 ], [ 4520641.32258456107229, 9535738.404725311324 ], [ 4520641.700848191976547, 9535597.599759278818965 ], [ 4520663.042909647338092, 9535521.24783892929554 ], [ 4520743.056020044721663, 9535434.340031828731298 ], [ 4520836.180674025788903, 9535369.359827807173133 ], [ 4521000.25692053604871, 9535295.33205103687942 ], [ 4521164.682153647765517, 9535280.482063766568899 ], [ 4521312.595700649544597, 9535260.1488544549793 ], [ 4521441.658961677923799, 9535277.316555729135871 ], [ 4521565.132759753614664, 9535306.970406636595726 ], [ 4521701.971353255212307, 9535364.621282294392586 ], [ 4521858.134899038821459, 9535396.981724623590708 ], [ 4521997.706719998270273, 9535421.875596571713686 ], [ 4522165.59988920763135, 9535441.535905042663217 ], [ 4522298.144667310640216, 9535444.249446934089065 ], [ 4522438.998888803645968, 9535450.714870730414987 ], [ 4522579.960867563262582, 9535459.231950087472796 ], [ 4522713.173339973203838, 9535478.242454508319497 ], [ 4522819.703643633052707, 9535492.238564779981971 ], [ 4522903.69308624137193, 9535503.06387959048152 ], [ 4523021.147394172847271, 9535534.976300461217761 ], [ 4523096.911996204406023, 9535544.10168444737792 ], [ 4523177.620296820998192, 9535524.453342759981751 ], [ 4523217.809082026593387, 9535486.089845502749085 ], [ 4523260.886051420122385, 9535443.512731548398733 ], [ 4523282.240135380998254, 9535392.656614938750863 ], [ 4523302.233115927316248, 9535333.69112185575068 ], [ 4523331.078667659312487, 9535267.225677417591214 ], [ 4523368.965699753724039, 9535221.797482721507549 ], [ 4523414.320822526700795, 9535185.257540374994278 ], [ 4523468.568814140744507, 9535166.694894647225738 ], [ 4523530.540931263007224, 9535162.110026696696877 ], [ 4523595.31329017598182, 9535176.782240275293589 ], [ 4523664.795688063837588, 9535206.561839174479246 ], [ 4523723.122759778983891, 9535237.829549701884389 ], [ 4523782.078341339714825, 9535308.847352333366871 ], [ 4523848.607878415845335, 9535412.310585387051105 ], [ 4523924.352108979597688, 9535597.781726209446788 ], [ 4523949.614063664339483, 9535667.124504437670112 ], [ 4523988.607388857752085, 9535748.139896471053362 ], [ 4524179.536345575004816, 9535975.201415361836553 ], [ 4524279.43133966717869, 9536072.474353302270174 ], [ 4524403.006104521453381, 9536152.740665169432759 ], [ 4524484.959179684519768, 9536183.663467219099402 ], [ 4524585.484353413805366, 9536184.848697124049067 ], [ 4524655.161003813147545, 9536175.886737095192075 ], [ 4524732.381219507195055, 9536155.450569909065962 ], [ 4524795.736592621542513, 9536084.432846440002322 ], [ 4524803.41452054027468, 9536022.362209523096681 ], [ 4524791.206557262688875, 9535908.206421842798591 ], [ 4524804.970767022110522, 9535722.21979183703661 ], [ 4524814.421123873442411, 9535588.642195124179125 ], [ 4524840.966592286713421, 9535498.443077921867371 ], [ 4524873.651107979007065, 9535384.850516870617867 ], [ 4524910.90740383695811, 9535296.012442674487829 ], [ 4524939.370016521774232, 9535209.293799184262753 ], [ 4524942.708376730792224, 9535161.050617100670934 ], [ 4524951.76811348926276, 9535078.715375239029527 ], [ 4524952.32983164023608, 9535005.646807231009007 ], [ 4524931.473123163916171, 9534931.686191054061055 ], [ 4524869.635813944973052, 9534813.095832156017423 ], [ 4524801.514964750036597, 9534714.348735040053725 ], [ 4524750.254899587482214, 9534636.28939344547689 ], [ 4524730.134792182594538, 9534580.129189491271973 ], [ 4524716.835341298021376, 9534516.528695283457637 ], [ 4524739.232934164814651, 9534455.033305782824755 ], [ 4524792.156223838217556, 9534432.890665678307414 ], [ 4524843.90420232899487, 9534428.155355775728822 ], [ 4524905.901366336271167, 9534435.114570779725909 ], [ 4524505.191942414268851, 9531680.628468403592706 ], [ 4524223.139299563132226, 9529710.732612937688828 ], [ 4524280.695929082110524, 9529680.023373471572995 ], [ 4524263.491835738532245, 9529608.631908705458045 ], [ 4524246.929276620969176, 9529561.341279497370124 ], [ 4524203.569555720314384, 9529575.566855058073997 ], [ 4524201.772970457561314, 9529563.109902428463101 ], [ 4524243.436404958367348, 9529549.655616033822298 ], [ 4524237.418695924803615, 9529531.084090888500214 ], [ 4524213.79903768748045, 9529504.658061020076275 ], [ 4524189.331124930642545, 9529477.472334645688534 ], [ 4524179.293669085018337, 9529407.143288491293788 ], [ 4524167.614250750280917, 9529328.676677444949746 ], [ 4524510.740105835720897, 9529241.536740532144904 ], [ 4524694.049577366560698, 9529218.772847831249237 ], [ 4525068.10889255348593, 9529320.858272777870297 ], [ 4525181.251351327635348, 9529328.007800698280334 ], [ 4525284.842597792856395, 9529307.403406511992216 ], [ 4525369.6035957923159, 9529270.721659727394581 ], [ 4525474.937103606760502, 9529188.325168741866946 ], [ 4525565.669613051228225, 9529081.49587456882 ], [ 4525597.967850109562278, 9529049.463393732905388 ], [ 4526070.833343449048698, 9528408.9846904091537 ], [ 4526356.196850596927106, 9528224.163409689441323 ], [ 4526607.778343191370368, 9528152.25775720924139 ], [ 4527347.265928166918457, 9528034.642252571880817 ], [ 4527537.257129493169487, 9527983.175718022510409 ], [ 4527652.144521286711097, 9527908.706144936382771 ], [ 4527723.252406379207969, 9527834.099079713225365 ], [ 4527793.375893214717507, 9527742.050168981775641 ], [ 4528018.999684307724237, 9527061.383616769686341 ], [ 4528139.90088895149529, 9526871.844480507075787 ], [ 4528222.598802828229964, 9526818.633072873577476 ], [ 4528567.62365710735321, 9526721.706621330231428 ], [ 4529064.481283700093627, 9526642.308336354792118 ], [ 4529604.470537557266653, 9526718.553022906184196 ], [ 4530111.673195749521255, 9526758.534204309806228 ], [ 4530975.102009342052042, 9526897.296737579628825 ], [ 4531030.440931966528296, 9526919.36079840734601 ], [ 4531114.487704112194479, 9527054.988108526915312 ], [ 4531251.341659705154598, 9527222.25278764218092 ], [ 4531534.402523183263838, 9527434.33910577557981 ], [ 4531619.467979990877211, 9527454.27896598353982 ], [ 4531734.448546197265387, 9527441.28257143497467 ], [ 4531898.932222042232752, 9527365.046999907121062 ], [ 4532032.065991570241749, 9527271.765532679855824 ], [ 4532076.040418700315058, 9527253.42602077499032 ], [ 4533159.872807185165584, 9526610.408779211342335 ], [ 4533189.747507609426975, 9526593.294181304052472 ], [ 4533291.662059903144836, 9526526.867814037948847 ], [ 4533917.601537879556417, 9526045.348008159548044 ], [ 4533879.525040012784302, 9525977.567031199112535 ], [ 4533813.112945000641048, 9526028.370680538937449 ], [ 4533822.008262870833278, 9526044.372756419703364 ], [ 4533750.577551255002618, 9526084.196773715317249 ], [ 4533747.445800020359457, 9526078.604798097163439 ], [ 4533159.226486220955849, 9526528.548194577917457 ], [ 4533127.177048224955797, 9526547.764809131622314 ], [ 4532049.111232001334429, 9527191.742637909948826 ], [ 4532004.386734143830836, 9527216.634131543338299 ], [ 4531808.449736175127327, 9527337.884359274059534 ], [ 4531720.475946351885796, 9527371.26546105183661 ], [ 4531627.876163769513369, 9527378.009663200005889 ], [ 4531550.140872792340815, 9527357.503142366185784 ], [ 4531298.228761308826506, 9527166.634590748697519 ], [ 4531175.707635435275733, 9527023.773830818012357 ], [ 4531124.554770942777395, 9526920.436676675453782 ], [ 4531062.552152280695736, 9526853.75961303897202 ], [ 4530987.15301213786006, 9526830.345458606258035 ], [ 4530134.110307035967708, 9526690.822142940014601 ], [ 4529598.31278860475868, 9526646.225036397576332 ], [ 4529062.063980957493186, 9526575.01189049705863 ], [ 4528696.785658523440361, 9526624.270142050459981 ], [ 4528403.524033504538238, 9526678.911067489534616 ], [ 4528232.252985667437315, 9526733.886991865932941 ], [ 4528091.321842405945063, 9526820.753814417868853 ], [ 4527948.555040741339326, 9527022.211545253172517 ], [ 4527732.137482856400311, 9527703.21206477470696 ], [ 4527667.964913358911872, 9527785.124820237979293 ], [ 4527606.358258126303554, 9527853.561172854155302 ], [ 4527509.393526989035308, 9527920.573724281042814 ], [ 4527125.704073973931372, 9527994.389776485040784 ], [ 4526489.476782616227865, 9528097.406719231978059 ], [ 4526307.722110413014889, 9528162.528051041066647 ], [ 4526005.690067993476987, 9528356.358854664489627 ], [ 4525513.897812188602984, 9529016.313708439469337 ], [ 4525404.002431642264128, 9529133.472847025841475 ], [ 4525260.389824486337602, 9529239.380369188264012 ], [ 4525177.661743028089404, 9529255.170159017667174 ], [ 4525091.01554945204407, 9529254.662776486948133 ], [ 4524841.304001662880182, 9529171.007408266887069 ], [ 4524689.853945758193731, 9529144.13786275871098 ], [ 4524500.179671022109687, 9529168.216317158192396 ], [ 4524152.958371869288385, 9529253.910558506846428 ], [ 4524145.410019838251173, 9529175.392257345840335 ], [ 4524081.607365009374917, 9528730.380046803504229 ], [ 4523864.719370956532657, 9528784.571608517318964 ], [ 4523693.92076303716749, 9528919.051551271229982 ], [ 4523411.313971760682762, 9529090.855920752510428 ], [ 4522581.050240101292729, 9529465.465909717604518 ], [ 4522443.525361938402057, 9529478.701239429414272 ], [ 4522333.689982595853508, 9529461.015502145513892 ], [ 4522155.727408847771585, 9529403.452444678172469 ], [ 4521884.488563970662653, 9529315.569517765194178 ], [ 4521585.093791606836021, 9529247.623759228736162 ], [ 4521179.329572246409953, 9529157.309818867594004 ], [ 4521313.025171245448291, 9528567.940161630511284 ], [ 4521598.998597881756723, 9527905.875970307737589 ], [ 4523059.643455200828612, 9526290.156861267983913 ], [ 4524373.529816554859281, 9525347.153545862063766 ], [ 4524163.251751225441694, 9524956.225757436826825 ], [ 4524102.349303090944886, 9524883.038095891475677 ], [ 4523991.293639490380883, 9524813.038558721542358 ], [ 4523908.739773035049438, 9524775.623744951561093 ], [ 4523816.146113024093211, 9524709.628357825800776 ], [ 4523715.684614043682814, 9524621.317911872640252 ], [ 4523674.537368022836745, 9524557.409671062603593 ], [ 4523658.627475079149008, 9524527.366547886282206 ], [ 4523651.803033695556223, 9524489.006323141977191 ], [ 4523627.736427702941, 9524368.235029760748148 ], [ 4523581.3817672226578, 9524245.60246978327632 ], [ 4523526.581964892335236, 9524110.447410464286804 ], [ 4523459.93454047665, 9523967.395275363698602 ], [ 4523421.062553528696299, 9523906.481850441545248 ], [ 4523371.512467063963413, 9523838.906203862279654 ], [ 4523338.811364768072963, 9523791.895754067227244 ], [ 4523240.732214209623635, 9523650.81735560297966 ], [ 4523201.308750503696501, 9523614.502035899087787 ], [ 4523168.800230926834047, 9523573.277216207236052 ], [ 4523158.727486803196371, 9523545.520177606493235 ], [ 4523158.947231478057802, 9523541.773841995745897 ], [ 4523145.783033774234354, 9523530.237899469211698 ], [ 4523190.009710868820548, 9522873.65846979059279 ], [ 4523271.433907131664455, 9521786.369494996964931 ], [ 4523325.493546167388558, 9521180.311296654865146 ], [ 4523366.666729629971087, 9520842.091877741739154 ], [ 4523388.838232611306012, 9520515.456864541396499 ], [ 4523430.83061620593071, 9519892.048144219443202 ], [ 4523359.328214838169515, 9519845.748866582289338 ], [ 4523242.496294180862606, 9519763.583834579214454 ], [ 4523099.042094660922885, 9519652.464875921607018 ], [ 4522988.800844454206526, 9519538.627489356324077 ], [ 4522847.426649620756507, 9519294.098529543727636 ], [ 4522620.485392353497446, 9519101.779491171240807 ], [ 4522424.699788891710341, 9518969.809329323470592 ], [ 4522084.849064545705914, 9518772.979513984173536 ], [ 4520728.054716784507036, 9517905.674746168777347 ], [ 4520887.719037914648652, 9517608.734628539532423 ], [ 4520948.519962674938142, 9517483.354995606467128 ], [ 4520549.949654087424278, 9517082.094606336206198 ], [ 4520600.795610743574798, 9516971.554520843550563 ], [ 4520495.999108152464032, 9516776.221884259954095 ], [ 4519519.175140541046858, 9515257.139384504407644 ], [ 4519139.036445321515203, 9514695.634281769394875 ], [ 4519011.675259307958186, 9514492.463339559733868 ], [ 4519036.177235829643905, 9514447.800820991396904 ], [ 4518501.037392949685454, 9513735.101335439831018 ], [ 4518722.259277418255806, 9513555.253006329759955 ], [ 4517951.761310572735965, 9512589.52753047645092 ], [ 4517161.803806181997061, 9512751.264032589271665 ], [ 4517055.961234335787594, 9513392.791211610659957 ], [ 4516387.190023803152144, 9513519.331085180863738 ], [ 4516122.776399545371532, 9513754.226227797567844 ], [ 4516177.958695646375418, 9513931.206450331956148 ], [ 4515581.457879648543894, 9514625.375986143946648 ], [ 4515571.529516904614866, 9514075.052281612530351 ], [ 4515516.761774587444961, 9513231.019479461014271 ], [ 4515425.286318861879408, 9512521.159790044650435 ], [ 4515433.297203376889229, 9512287.393617935478687 ], [ 4515419.652216793037951, 9512045.592178964987397 ], [ 4515406.423119828104973, 9511925.813629545271397 ], [ 4515374.464629855006933, 9511637.045915745198727 ], [ 4515276.65843468811363, 9509420.889260387048125 ], [ 4515698.025416515767574, 9509367.146693794056773 ], [ 4515955.373704013414681, 9509305.517889162525535 ], [ 4516207.269340210594237, 9509173.97931531816721 ], [ 4516345.224913482554257, 9508983.855122467502952 ], [ 4516624.414085073396564, 9508686.065575730055571 ], [ 4516782.487094083800912, 9508514.577251397073269 ], [ 4516891.36212017852813, 9508325.626705268397927 ], [ 4516986.071963708847761, 9508268.377052774652839 ], [ 4517134.875064761377871, 9508228.414004571735859 ], [ 4517329.027945250272751, 9508204.221211003139615 ], [ 4517344.946075837127864, 9508253.995440050959587 ], [ 4517475.534191250801086, 9508587.807806355878711 ], [ 4517565.403752001933753, 9508681.34231741540134 ], [ 4517517.414253479801118, 9508301.96854230388999 ], [ 4517475.269918779842556, 9508157.945040743798018 ], [ 4517226.021794030442834, 9507386.630609378218651 ], [ 4516955.008148483932018, 9506615.638517724350095 ], [ 4517016.29809976555407, 9506595.000369084998965 ], [ 4517740.715586035512388, 9506343.20584580488503 ], [ 4517605.820742162875831, 9505732.921184282749891 ], [ 4517954.217909095808864, 9505713.526224786415696 ], [ 4518059.544960380531847, 9505197.058198874816298 ], [ 4518129.216378763318062, 9505193.689150258898735 ], [ 4518152.184595339931548, 9505192.576344434171915 ], [ 4518208.362310327589512, 9505189.843779997900128 ], [ 4518372.406274184584618, 9505139.516709830611944 ], [ 4518487.857833156362176, 9505131.220183396711946 ], [ 4518525.931102758273482, 9505128.471029940992594 ], [ 4518643.428713971748948, 9505139.193539153784513 ], [ 4518620.521166517399251, 9505263.039077805355191 ], [ 4518605.402198555879295, 9505337.668287264183164 ], [ 4518598.157860053703189, 9505446.601991333067417 ], [ 4518607.731002302840352, 9505684.122371591627598 ], [ 4518620.235854662023485, 9505994.369202515110373 ], [ 4518623.072609246708453, 9506125.367746567353606 ], [ 4518611.481578587554395, 9506188.842166202142835 ], [ 4518619.538438051939011, 9506191.266177223995328 ], [ 4518683.113444522954524, 9506216.541675532236695 ], [ 4518698.040831641294062, 9506222.555906426161528 ], [ 4518708.927877840586007, 9506225.331447411328554 ], [ 4518716.543244204483926, 9506230.080062814056873 ], [ 4518719.139771327376366, 9506239.645062789320946 ], [ 4518708.154318697750568, 9506335.438825253397226 ], [ 4518698.959217440336943, 9506422.539919417351484 ], [ 4518698.873056153766811, 9506423.288928994908929 ], [ 4518691.34262655954808, 9506470.873138274997473 ], [ 4518686.355179414153099, 9506505.911274636164308 ], [ 4518652.563257427886128, 9506661.236289754509926 ], [ 4518658.853142616339028, 9506661.960919359698892 ], [ 4518742.048209338448942, 9506670.971932284533978 ], [ 4518740.75000143609941, 9506706.304965674877167 ], [ 4518740.015738075599074, 9506716.378193030133843 ], [ 4518739.586378799751401, 9506721.312257057055831 ], [ 4518736.150057438760996, 9506748.645694522187114 ], [ 4518733.718617120757699, 9506753.567837925627828 ], [ 4518685.030700112693012, 9506744.373677706345916 ], [ 4518677.575745133683085, 9506841.755999963730574 ], [ 4518680.363630460575223, 9506847.98184890113771 ], [ 4518704.195574967190623, 9506853.14734223484993 ], [ 4518683.18480031657964, 9506980.301715319976211 ], [ 4518666.708847762085497, 9507131.627940397709608 ], [ 4518660.651063712313771, 9507187.476910050958395 ], [ 4518686.078773117624223, 9507191.78606534563005 ], [ 4518676.793503071181476, 9507249.560573825612664 ], [ 4518673.101035561412573, 9507274.016500448808074 ], [ 4518650.306254751048982, 9507274.401826011016965 ], [ 4518631.673264424316585, 9507335.304561499506235 ], [ 4518619.445263639092445, 9507415.944701468572021 ], [ 4518617.483925530686975, 9507538.214041877537966 ], [ 4518616.48371990583837, 9507600.59732791595161 ], [ 4518611.783143087290227, 9507723.633036132901907 ], [ 4518604.852391590364277, 9507834.082404237240553 ], [ 4518625.906246883794665, 9508069.37765945494175 ], [ 4518622.538832288235426, 9508102.493759769946337 ], [ 4518629.496523101814091, 9508103.00507721118629 ], [ 4518624.669932619668543, 9508136.879355968907475 ], [ 4518623.233465909957886, 9508146.866331672295928 ], [ 4518622.331889354623854, 9508149.909586036577821 ], [ 4518620.644953791052103, 9508164.078823201358318 ], [ 4518621.053162363357842, 9508171.893820306286216 ], [ 4518620.384577501565218, 9508176.675426943227649 ], [ 4518722.457537431269884, 9508173.668776825070381 ], [ 4518726.21980226226151, 9508156.129057822749019 ], [ 4518735.372156836092472, 9508116.392570378258824 ], [ 4518765.484079096466303, 9508123.053216701373458 ], [ 4518870.65973587334156, 9508130.617053139954805 ], [ 4518903.967195434495807, 9508163.392213245853782 ], [ 4518906.83378364238888, 9508422.508853664621711 ], [ 4518897.004049966111779, 9508454.676120303571224 ], [ 4518899.028060948476195, 9508480.606630317866802 ], [ 4518902.06363214366138, 9508485.448695965111256 ], [ 4518901.8644815729931, 9508498.9758530408144 ], [ 4518901.738133952021599, 9508501.614908628165722 ], [ 4518905.309597175568342, 9508523.77683368884027 ], [ 4518906.421901526860893, 9508538.64956902526319 ], [ 4518866.326402054168284, 9508533.278718367218971 ], [ 4518856.236626048572361, 9508569.396021228283644 ], [ 4518851.397011185996234, 9508579.847954856231809 ], [ 4518814.995092418044806, 9508658.543362522497773 ], [ 4518814.952345734462142, 9508658.638154584914446 ], [ 4518814.787258929572999, 9508659.740339586511254 ], [ 4518812.050580567680299, 9508672.69466214813292 ], [ 4518814.496158461086452, 9508685.998571770265698 ], [ 4518798.176832430064678, 9508700.434304280206561 ], [ 4518790.867149386554956, 9508699.867366522550583 ], [ 4518765.221699056215584, 9508702.419495742768049 ], [ 4518737.49379501119256, 9508697.782968191429973 ], [ 4518682.042105743661523, 9508684.570452598854899 ], [ 4518660.930475634522736, 9508685.820154245942831 ], [ 4518608.600518845953047, 9508691.711051324382424 ], [ 4518580.518396181054413, 9508692.146317729726434 ], [ 4518582.400920090265572, 9508738.852429101243615 ], [ 4518601.597187040373683, 9508788.845207152888179 ], [ 4518620.865589021705091, 9508826.760753948241472 ], [ 4518549.223481692373753, 9508850.284586939960718 ], [ 4518528.632938119582832, 9508824.613208530470729 ], [ 4518534.336948827840388, 9508819.41770438477397 ], [ 4518530.091000810265541, 9508814.57774705812335 ], [ 4518502.639057783409953, 9508783.28613692894578 ], [ 4518498.135739102959633, 9508787.081003732979298 ], [ 4518497.257762278430164, 9508786.09099311567843 ], [ 4518452.367732338607311, 9508825.852286837995052 ], [ 4518404.319568444043398, 9508864.668972739949822 ], [ 4518271.466880629770458, 9508976.582811962813139 ], [ 4518282.590035469271243, 9508996.110882448032498 ], [ 4518251.193263647146523, 9509117.800365706905723 ], [ 4518189.284598634578288, 9509188.319688206538558 ], [ 4518230.751888192258775, 9509247.931216878816485 ], [ 4518255.989575227722526, 9509269.897573184221983 ], [ 4518274.090347069315612, 9509277.092787206172943 ], [ 4518282.706141699105501, 9509281.174138806760311 ], [ 4518452.074850757606328, 9509309.209664879366755 ], [ 4518490.371204620227218, 9509313.74711805395782 ], [ 4518496.664429392665625, 9509314.495135799050331 ], [ 4518524.31507771089673, 9509317.737585864961147 ], [ 4518569.768606913276017, 9509323.080982675775886 ], [ 4518683.53144920989871, 9509341.65524635091424 ], [ 4518760.0180694591254, 9509353.272692119702697 ], [ 4518804.030679172836244, 9509360.980958063155413 ], [ 4519083.73269965685904, 9509403.794479476287961 ], [ 4519125.329899059608579, 9509408.171738894656301 ], [ 4519168.904243938624859, 9509424.031242867931724 ], [ 4519220.369916199706495, 9509472.697475658729672 ], [ 4519239.891570022329688, 9509505.802497580647469 ], [ 4519369.47680814191699, 9509453.71924128010869 ], [ 4519377.052433449774981, 9509446.44203126244247 ], [ 4519501.270068363286555, 9509318.671309946104884 ], [ 4519245.156981936655939, 9508967.053060453385115 ], [ 4519136.55368671938777, 9508837.463949294760823 ], [ 4519051.603334265761077, 9508736.032009253278375 ], [ 4519052.817829910665751, 9508157.765857510268688 ], [ 4519052.331920333206654, 9507290.070624956861138 ], [ 4519138.503558920696378, 9506642.909754103049636 ], [ 4519184.983899105340242, 9506486.229643231257796 ], [ 4520524.31244139932096, 9505328.628085657954216 ], [ 4520285.468124940060079, 9504577.240794591605663 ], [ 4520568.65166249871254, 9504516.431925101205707 ], [ 4520708.899638045579195, 9504466.439542984589934 ], [ 4520716.997908361256123, 9504544.407267488539219 ], [ 4520754.231829003430903, 9504533.107118858024478 ], [ 4521089.5376011794433, 9504410.728111550211906 ], [ 4521073.921925650909543, 9504324.216602548956871 ], [ 4521445.155952162109315, 9504006.292188132181764 ], [ 4521609.988169332966208, 9503729.169644037261605 ], [ 4521677.29716548230499, 9503579.09194097109139 ], [ 4521705.28767220582813, 9503281.692980721592903 ], [ 4521669.413741783238947, 9502942.429006805643439 ], [ 4521587.601819734089077, 9502775.073132716119289 ], [ 4521516.944333300925791, 9502651.3529630061239 ], [ 4521547.278894542716444, 9502630.271785376593471 ], [ 4521818.101738482713699, 9503018.851726686581969 ], [ 4521978.855988747440279, 9503268.441550359129906 ], [ 4522188.277339274063706, 9503590.699389159679413 ], [ 4522236.091064321808517, 9503659.810385888442397 ], [ 4522331.728867126628757, 9503790.811816859990358 ], [ 4522423.647374426014721, 9503916.679060881957412 ], [ 4522594.765691922977567, 9504149.580099267885089 ], [ 4522642.442493995651603, 9504208.892412327229977 ], [ 4522688.755409667268395, 9504256.450020158663392 ], [ 4522763.070075331255794, 9504318.51440392062068 ], [ 4522776.771500896662474, 9504335.517455039545894 ], [ 4522805.641654236242175, 9504327.461692877113819 ], [ 4522814.868815509602427, 9504320.39766027405858 ], [ 4522883.107886005192995, 9504292.487053196877241 ], [ 4522906.712738748639822, 9504326.345649486407638 ], [ 4522937.120102937333286, 9504316.059630896896124 ], [ 4522990.53141725808382, 9504293.671610787510872 ], [ 4523135.065638478845358, 9504236.910139197483659 ], [ 4523319.323886029422283, 9504164.514217384159565 ], [ 4524139.916848245076835, 9503848.992171853780746 ], [ 4524685.894088831730187, 9503639.620761519297957 ], [ 4525371.845347696915269, 9503380.703470891341567 ], [ 4525554.968581720255315, 9503304.413594810292125 ], [ 4526033.778981146402657, 9503128.336132558062673 ], [ 4526144.804143206216395, 9503099.998169945552945 ], [ 4526224.826493121683598, 9503081.958539927378297 ], [ 4526304.471247323788702, 9503067.730212269350886 ], [ 4526733.312553723342717, 9503020.3651127461344 ], [ 4527333.62962450273335, 9502963.762566972523928 ], [ 4527361.516715419478714, 9502990.527956753969193 ], [ 4527433.361201583407819, 9504187.197962906211615 ], [ 4527446.437679528258741, 9504366.93937567435205 ], [ 4527459.159382255747914, 9504366.246386693790555 ], [ 4527468.404243326745927, 9504512.558113427832723 ], [ 4527474.603069171309471, 9504549.737449301406741 ], [ 4527497.595219438895583, 9504610.841979695484042 ], [ 4527513.80122222751379, 9504634.628715999424458 ], [ 4527501.626877435483038, 9504635.625152658671141 ], [ 4527598.023545211181045, 9504711.097526961937547 ], [ 4528328.386048886924982, 9505016.221290765330195 ], [ 4528351.536829428747296, 9505373.987036183476448 ], [ 4528341.481117186136544, 9505375.595415534451604 ], [ 4528397.892825744114816, 9505847.328438859432936 ], [ 4529021.382384366355836, 9505780.557592852041125 ], [ 4529740.048549144528806, 9505751.677847128361464 ], [ 4530380.985545517876744, 9506172.524182872846723 ], [ 4530386.311626555398107, 9506763.504824571311474 ], [ 4530389.293319116346538, 9507057.998354304581881 ], [ 4531017.799379272386432, 9507454.081635918468237 ], [ 4531622.226365652866662, 9507208.229219587519765 ], [ 4531638.14594339299947, 9506709.573998732492328 ], [ 4532488.62518326099962, 9506750.184026243165135 ], [ 4533122.777479309588671, 9506753.646247455850244 ], [ 4533483.302348166704178, 9506753.2640659250319 ], [ 4533949.89142597746104, 9506747.857705326750875 ], [ 4534533.360291826538742, 9506319.477997390553355 ], [ 4535121.00152350962162, 9505891.803660104051232 ], [ 4534851.699081175029278, 9505248.161560323089361 ], [ 4535473.620704769156873, 9504970.30994045175612 ], [ 4536533.893436224199831, 9504494.904460296034813 ], [ 4536803.679450426250696, 9504375.747868470847607 ], [ 4536898.631413849070668, 9504332.759267766028643 ], [ 4536873.901788968592882, 9504101.229288518428802 ], [ 4536980.525378363206983, 9504136.224262924864888 ], [ 4537137.292164467275143, 9504187.487349830567837 ], [ 4537304.038854241371155, 9504242.441493367776275 ], [ 4538062.200172477401793, 9504489.902392292395234 ], [ 4537930.527805224992335, 9503324.044058727100492 ], [ 4543490.944830629043281, 9502722.678301280364394 ], [ 4543564.426603863015771, 9503204.879976857453585 ], [ 4545839.908537807874382, 9502917.692776223644614 ], [ 4545834.542381754145026, 9502847.281988708302379 ], [ 4545761.117826738394797, 9501879.835524132475257 ], [ 4543896.957960370928049, 9502095.990047860890627 ], [ 4543772.923557340167463, 9502232.711498141288757 ], [ 4543791.53038758598268, 9502365.211376121267676 ], [ 4537653.339267523027956, 9503090.626078547909856 ], [ 4536629.089523290283978, 9502232.391314627602696 ], [ 4536066.859748367220163, 9502253.425637874752283 ], [ 4535680.881010022945702, 9501957.63017344288528 ], [ 4535166.937956662848592, 9501591.986143475398421 ], [ 4534089.233149548061192, 9500819.598917217925191 ], [ 4533370.819346056319773, 9500308.178105857223272 ], [ 4533229.523631462827325, 9500206.612861782312393 ], [ 4532784.417211624793708, 9499886.745038192719221 ], [ 4532563.404941757209599, 9499730.722114011645317 ], [ 4531961.754374796524644, 9499308.740463832393289 ], [ 4531795.317153207026422, 9499492.218676852062345 ], [ 4531455.637638236396015, 9499869.917403446510434 ], [ 4530913.044510170817375, 9500461.46256154589355 ], [ 4530431.926902978681028, 9500989.44118987955153 ], [ 4529967.537275668233633, 9501520.936337457969785 ], [ 4529572.29285950679332, 9501984.492679128423333 ], [ 4529054.817193426191807, 9502591.403212876990438 ], [ 4529039.765239797532558, 9502650.935454243794084 ], [ 4529037.62567918561399, 9502689.920344166457653 ], [ 4528632.981222583912313, 9502728.284239303320646 ], [ 4528241.927651292644441, 9502770.785095848143101 ], [ 4527771.138823052868247, 9502821.947189290076494 ], [ 4527338.381519607268274, 9502860.314656181260943 ], [ 4527255.062999568879604, 9502869.443298429250717 ], [ 4527233.818342668004334, 9502874.333934644237161 ], [ 4526686.125112131237984, 9502929.183403013274074 ], [ 4526395.759018387645483, 9502959.968233978375793 ], [ 4526286.352441724389791, 9502973.941779645159841 ], [ 4526202.490905210375786, 9502988.554231556132436 ], [ 4526080.078983757644892, 9503016.573084808886051 ], [ 4526005.662794718518853, 9503036.847340384498239 ], [ 4525895.11741966381669, 9503070.589888442307711 ], [ 4525850.784655094146729, 9503085.936145024374127 ], [ 4525660.003641979768872, 9503110.09531744197011 ], [ 4524880.574289750307798, 9503176.562726752832532 ], [ 4524458.073073629289865, 9503258.049377953633666 ], [ 4524059.306508779525757, 9503337.066966369748116 ], [ 4523476.567453511990607, 9503474.659243240952492 ], [ 4522990.134117995388806, 9503604.038882043212652 ], [ 4522484.403214791789651, 9503776.268295288085938 ], [ 4522422.256326069124043, 9503692.371194722130895 ], [ 4522402.359302924014628, 9503671.150400754064322 ], [ 4522372.659374099224806, 9503630.345273593440652 ], [ 4521981.538788475096226, 9503113.465707492083311 ], [ 4521763.648251087404788, 9502818.563704429194331 ], [ 4521601.393970684148371, 9502602.537299931049347 ], [ 4521563.276507245376706, 9502551.295838594436646 ], [ 4521395.601635556668043, 9502321.800659624859691 ], [ 4521377.660273225978017, 9502294.167022362351418 ], [ 4521230.95164839271456, 9502072.624147642403841 ], [ 4521090.947462530806661, 9501856.727198828011751 ], [ 4520923.677237192168832, 9501635.843809517100453 ], [ 4520887.502298867329955, 9501590.954073475673795 ], [ 4520654.61068085860461, 9501274.294464511796832 ], [ 4520434.595388350076973, 9500978.167482886463404 ], [ 4520304.782056592404842, 9500807.743871470913291 ], [ 4520153.277120178565383, 9500595.386041056364775 ], [ 4520105.995279659517109, 9500540.123565647751093 ], [ 4519818.341151351109147, 9500144.71300857141614 ], [ 4519658.347769806161523, 9499931.033325525000691 ], [ 4519427.849743489176035, 9499623.160188803449273 ], [ 4519416.680279741063714, 9499608.550808982923627 ], [ 4519279.956345315091312, 9499422.965605953708291 ], [ 4519118.158474823459983, 9499209.858375953510404 ], [ 4519087.317966497503221, 9499148.511385500431061 ], [ 4519073.661180046387017, 9499119.477723622694612 ], [ 4519055.779373643919826, 9499095.200708858668804 ], [ 4519055.756107870489359, 9499095.201746268197894 ], [ 4519037.992077487520874, 9499077.29813027754426 ], [ 4518995.295598112978041, 9499034.378861820325255 ], [ 4518960.002644113264978, 9498988.25015252456069 ], [ 4518827.077264672145247, 9498818.440962780267 ], [ 4518340.064845163375139, 9498166.767764596268535 ], [ 4518336.563290580175817, 9498176.218898415565491 ], [ 4518291.590438939630985, 9498119.242076998576522 ], [ 4518283.360922942869365, 9498110.566635293886065 ], [ 4518140.268066490069032, 9497960.517539566382766 ], [ 4518125.421386003494263, 9497946.244294440373778 ], [ 4518134.713669178076088, 9497939.16667578369379 ], [ 4517979.854899144731462, 9497792.897219035774469 ], [ 4517788.291866608895361, 9497629.068973667919636 ], [ 4517665.258003160357475, 9497530.599604247137904 ], [ 4517630.967703813686967, 9497496.303218085318804 ], [ 4517530.010721779428422, 9497416.14396052993834 ], [ 4517619.897537051700056, 9497291.814459770917892 ], [ 4517646.838523616082966, 9497275.09127669967711 ], [ 4517760.472012665122747, 9497261.183712812140584 ], [ 4517928.287258230149746, 9497236.946273930370808 ], [ 4517979.229172287508845, 9497231.588680163025856 ], [ 4518055.879543506540358, 9497211.254596568644047 ], [ 4518096.64284860342741, 9497204.211939884349704 ], [ 4518151.907855086959898, 9497191.348388185724616 ], [ 4518211.663935104385018, 9497187.285686625167727 ], [ 4518319.74792489875108, 9497179.923099331557751 ], [ 4518504.154116053134203, 9497148.742383513599634 ], [ 4518532.92975914478302, 9497149.93066967651248 ], [ 4518586.581189608201385, 9497139.735217213630676 ], [ 4518861.463076140731573, 9497096.326535742729902 ], [ 4519030.08906155731529, 9497074.496804244816303 ], [ 4519109.573627013713121, 9497057.690648281946778 ], [ 4519125.934029935859144, 9497051.303857984021306 ], [ 4519142.503824821673334, 9497048.375835608690977 ], [ 4519159.273549512028694, 9497040.041103269904852 ], [ 4519184.939927906729281, 9497037.908547967672348 ], [ 4519236.008189586922526, 9497027.673069320619106 ], [ 4519245.034641816280782, 9497029.611423134803772 ], [ 4519253.597225728444755, 9497033.872640212997794 ], [ 4519259.577754052355886, 9497025.997363401576877 ], [ 4519266.406091617420316, 9497022.998309710994363 ], [ 4519281.406059044413269, 9497019.761241434141994 ], [ 4519290.558413618244231, 9497020.786939479410648 ], [ 4519297.67774033267051, 9497016.938239086419344 ], [ 4519321.355173384770751, 9497015.630448888987303 ], [ 4519327.048163463361561, 9497014.445815194398165 ], [ 4519379.583282073028386, 9497003.707893749698997 ], [ 4519404.209713784977794, 9497003.454840436577797 ], [ 4519416.366247457452118, 9497001.752434840425849 ], [ 4519447.372287867590785, 9496993.724480533972383 ], [ 4519491.492543528787792, 9496989.86568314768374 ], [ 4519529.800029339268804, 9496983.07733691483736 ], [ 4519553.716687977313995, 9496979.641422957181931 ], [ 4519584.22223595622927, 9496973.611206142231822 ], [ 4519645.547586837783456, 9496965.307674989104271 ], [ 4519735.352804923430085, 9496958.361713590100408 ], [ 4519770.790808219462633, 9496953.038296073675156 ], [ 4519814.034200252965093, 9496948.770905189216137 ], [ 4519847.604707770980895, 9496942.103160722181201 ], [ 4519894.96013047453016, 9496936.644673967733979 ], [ 4519931.390992308966815, 9496925.997616406530142 ], [ 4519956.663744984194636, 9496921.621087960898876 ], [ 4519996.080974798649549, 9496924.465831140056252 ], [ 4520004.471347458660603, 9496927.336502779275179 ], [ 4520026.393049503676593, 9496937.779514098539948 ], [ 4520100.774395541287959, 9496963.196662032976747 ], [ 4520167.385752442292869, 9496992.442622184753418 ], [ 4520196.738698413595557, 9496997.55683390237391 ], [ 4520209.992730946280062, 9496999.99713739566505 ], [ 4520225.98867385648191, 9497005.863255012780428 ], [ 4520272.009153225459158, 9497028.823999246582389 ], [ 4520331.977185554802418, 9497048.960247309878469 ], [ 4520389.316408108919859, 9497071.320642789825797 ], [ 4520485.658306694589555, 9497105.173411838710308 ], [ 4520513.76436304859817, 9497120.786213735118508 ], [ 4520556.407075109891593, 9497130.338622936978936 ], [ 4520911.3442621268332, 9497258.457068085670471 ], [ 4521024.832813197746873, 9497299.447859136387706 ], [ 4521206.442102146334946, 9497360.839980956166983 ], [ 4521438.259709706529975, 9497439.3334377463907 ], [ 4521661.089604219421744, 9497519.024931276217103 ], [ 4522400.125232063233852, 9497781.754895368590951 ], [ 4524848.629269435070455, 9498652.781348897144198 ], [ 4525231.779602157883346, 9498846.100162517279387 ], [ 4525292.861052034422755, 9498904.888673009350896 ], [ 4525376.684072004631162, 9498989.669568743556738 ], [ 4525550.051265853457153, 9498870.762744229286909 ], [ 4525695.385317615233362, 9498783.065686009824276 ], [ 4525816.954216564074159, 9498721.210986534133554 ], [ 4525946.79571215249598, 9498687.433457963168621 ], [ 4526115.84860781673342, 9498659.103975523263216 ], [ 4526348.485192871652544, 9498624.617720827460289 ], [ 4526615.65219341404736, 9498567.344753487035632 ], [ 4526783.67171024531126, 9498514.206251408904791 ], [ 4526883.169850354082882, 9498449.667776137590408 ], [ 4527217.463950998149812, 9498038.466360555961728 ], [ 4527665.146971769630909, 9497164.739796716719866 ], [ 4527568.44250560272485, 9497123.64477900415659 ], [ 4527316.295398675836623, 9496980.85353397578001 ], [ 4527257.620787508785725, 9496968.309037644416094 ], [ 4526747.852215054444969, 9496719.72425290569663 ], [ 4526780.098577230237424, 9496041.537143768742681 ], [ 4526827.408136303536594, 9495161.88583148829639 ], [ 4526516.829206018708646, 9494525.166402650997043 ], [ 4526303.03021651506424, 9494306.36143452860415 ], [ 4526397.248584493994713, 9493441.568403851240873 ], [ 4526452.389135785400867, 9492783.70243813842535 ], [ 4526534.794835998676717, 9491929.744648074731231 ], [ 4526569.722439430654049, 9491568.477591244503856 ], [ 4527477.954453760758042, 9490387.083429649472237 ], [ 4527962.763303948566318, 9489913.188045401126146 ], [ 4528383.081878812983632, 9489485.664599999785423 ], [ 4528532.02579902112484, 9489326.89413476549089 ], [ 4528620.749214295297861, 9489323.185596471652389 ], [ 4528773.656664974056184, 9489335.853788992390037 ], [ 4529062.825072315521538, 9489342.814790837466717 ], [ 4529293.448778337799013, 9489352.798532370477915 ], [ 4529765.571436715312302, 9489370.148644931614399 ], [ 4529744.217130117118359, 9489311.509372578933835 ], [ 4529752.179479334503412, 9489111.813009329140186 ], [ 4529757.387116433121264, 9488900.126908188685775 ], [ 4529777.637133684009314, 9488741.650847358629107 ], [ 4529826.09250427596271, 9488339.768033104017377 ], [ 4529889.748551335185766, 9487827.07807975076139 ], [ 4529916.836924904957414, 9487685.722971333190799 ], [ 4529948.795971475541592, 9487462.288361616432667 ], [ 4529992.709172884002328, 9487280.469541303813457 ], [ 4530061.676606806926429, 9487064.602519150823355 ], [ 4530138.608282380737364, 9486878.268539976328611 ], [ 4530244.268401581794024, 9486488.769833792001009 ], [ 4530291.857261256314814, 9486137.051318004727364 ], [ 4530320.035341321490705, 9485740.392424641177058 ], [ 4530385.2165767243132, 9485521.195693841204047 ], [ 4530445.022082597017288, 9485394.098351450636983 ], [ 4530509.863682233728468, 9485244.950988313183188 ], [ 4530600.420084243640304, 9485093.213981809094548 ], [ 4530762.228864043951035, 9484918.220453001558781 ], [ 4530894.351073359139264, 9484782.392563050612807 ], [ 4531115.299111881293356, 9484569.014058094471693 ], [ 4531236.974098306149244, 9484410.186341058462858 ], [ 4531286.646636209450662, 9484334.565665278583765 ], [ 4531667.075652658939362, 9483928.964825868606567 ], [ 4531686.152028518728912, 9483914.779170231893659 ], [ 4531964.19839421659708, 9483756.617275973781943 ], [ 4532174.099865708500147, 9483595.802242448553443 ], [ 4532247.013686900027096, 9483481.431131090968847 ], [ 4532302.574580588378012, 9483330.840326094999909 ], [ 4532333.859031043946743, 9483163.557747704908252 ], [ 4532316.656830132007599, 9482967.648949461057782 ], [ 4532270.150663824751973, 9482860.593498203903437 ], [ 4532097.990284574218094, 9482646.884901139885187 ], [ 4532007.946508821099997, 9482357.13097363896668 ], [ 4531995.547966574318707, 9482335.940547859296203 ], [ 4531877.000278606079519, 9482132.981512613594532 ], [ 4531778.403158457018435, 9481915.6446019615978 ], [ 4531743.583534930832684, 9481670.0058618132025 ], [ 4531735.306485512293875, 9481550.623672069981694 ], [ 4531799.170922658406198, 9481370.468523114919662 ], [ 4531866.285888936370611, 9481235.598998479545116 ], [ 4531944.717594646848738, 9481112.32770823314786 ], [ 4531998.863951566629112, 9481023.660351380705833 ], [ 4532052.117971448227763, 9480951.261647371575236 ], [ 4532154.367706728167832, 9480860.607289271429181 ], [ 4532440.013297464698553, 9480468.195944599807262 ], [ 4532612.799292252399027, 9480214.190185023471713 ], [ 4532727.197212244383991, 9479981.282967420294881 ], [ 4532739.562024684622884, 9479794.378648262470961 ], [ 4532805.188649371266365, 9479472.106212908402085 ], [ 4533072.14158253185451, 9478817.714912377297878 ], [ 4533078.593437579460442, 9478809.107881862670183 ], [ 4533291.218451732769608, 9478525.133993012830615 ], [ 4533308.301874749362469, 9478486.759095868095756 ], [ 4533403.427496577613056, 9478272.958028396591544 ], [ 4533450.627739910036325, 9478166.852355647832155 ], [ 4533902.917606487870216, 9476838.152100246399641 ], [ 4534178.87695437297225, 9476835.620507411658764 ], [ 4534807.778198720887303, 9477376.443058583885431 ], [ 4535269.486918735317886, 9477363.921691102907062 ], [ 4535725.220899038948119, 9477038.274384343996644 ], [ 4536258.897892490029335, 9476828.434997675940394 ], [ 4536652.302976705133915, 9475916.719198081642389 ], [ 4536794.972151176072657, 9475680.462607096880674 ], [ 4536955.437416043132544, 9475414.675240514799953 ], [ 4537567.667676088400185, 9475277.528141921386123 ], [ 4537779.574679527431726, 9475362.530513681471348 ], [ 4538162.556585859507322, 9475514.39706321619451 ], [ 4538538.789636742323637, 9476078.265374071896076 ], [ 4538908.456507462076843, 9476263.472507959231734 ], [ 4539453.908765330910683, 9476164.83905016630888 ], [ 4539940.480693613179028, 9475797.973912527784705 ], [ 4540141.659615084528923, 9475811.33081896789372 ], [ 4541154.061291953548789, 9476204.025481943041086 ], [ 4541474.072656651027501, 9476039.290323378518224 ], [ 4541658.519590739160776, 9475602.017443906515837 ], [ 4541715.495466475374997, 9474857.182684324681759 ], [ 4541732.104000543244183, 9474750.082812428474426 ], [ 4541750.738771982491016, 9474629.927348094061017 ], [ 4541949.419572760351002, 9473348.63509713113308 ], [ 4541873.889632215723395, 9473347.967109199613333 ], [ 4541821.64795178361237, 9473342.640004578977823 ], [ 4541800.088149404153228, 9473341.772008627653122 ], [ 4541732.376176698133349, 9473362.634950093924999 ], [ 4541702.184549683704972, 9473372.62792188115418 ], [ 4541687.60559257119894, 9473369.807892493903637 ], [ 4541680.389529219828546, 9473363.164173349738121 ], [ 4541673.327198084443808, 9473347.281549498438835 ], [ 4541608.118466768413782, 9473349.547023510560393 ], [ 4541523.377840235829353, 9473354.960183700546622 ], [ 4541443.978879468515515, 9473363.340408835560083 ], [ 4541371.129957540892065, 9473363.060292605310678 ], [ 4541335.135913386940956, 9473337.652711635455489 ], [ 4541284.076223308220506, 9473337.651419593021274 ], [ 4541161.690016658045352, 9473337.742121106013656 ], [ 4541160.872374997474253, 9473357.308609647676349 ], [ 4541158.318705878220499, 9473357.187932370230556 ], [ 4541146.201245347969234, 9473356.625633139163256 ], [ 4541146.669566445052624, 9473350.875764280557632 ], [ 4541075.736786912195385, 9473342.437411887571216 ], [ 4541051.158890497870743, 9473339.819728745147586 ], [ 4541043.923680194653571, 9473414.31502840295434 ], [ 4541034.770101104862988, 9473430.788533329963684 ], [ 4541023.059847271069884, 9473521.207049949094653 ], [ 4540909.764101557433605, 9473491.693209638819098 ], [ 4540902.493380336090922, 9473453.898380879312754 ], [ 4540846.152582295238972, 9473462.474342299625278 ], [ 4540803.23290734179318, 9473438.130546702072024 ], [ 4540751.180024766363204, 9473404.580925807356834 ], [ 4540619.628995757550001, 9473396.362417060881853 ], [ 4540526.07353534642607, 9473394.051447721198201 ], [ 4540440.782322612591088, 9473388.387857597321272 ], [ 4540401.637714231386781, 9473388.558408675715327 ], [ 4540337.648487935774028, 9473428.05789134465158 ], [ 4540240.241039185784757, 9473488.168953537940979 ], [ 4540166.65896708983928, 9473533.558291856199503 ], [ 4540106.81861821655184, 9473570.487331492826343 ], [ 4539856.994192464277148, 9473567.04030286334455 ], [ 4539773.286165527999401, 9473565.869672790169716 ], [ 4539633.131920993328094, 9473563.920690424740314 ], [ 4539632.14117752481252, 9473539.398755026981235 ], [ 4539613.836468376219273, 9473537.73326251655817 ], [ 4539612.419927855953574, 9473564.447344586253166 ], [ 4539570.969002263620496, 9473564.34165196120739 ], [ 4539374.961650376208127, 9473553.882742056623101 ], [ 4539374.980352050624788, 9473500.693017227575183 ], [ 4539376.042451312765479, 9473480.234603079035878 ], [ 4539376.941244881600142, 9473475.834846271201968 ], [ 4539298.980643255636096, 9473476.28836271725595 ], [ 4539298.868767166510224, 9473429.182242808863521 ], [ 4539339.753744467161596, 9473430.148704564198852 ], [ 4539338.880331742577255, 9473402.421124348416924 ], [ 4539339.393403274938464, 9473271.112224085256457 ], [ 4539338.204511114396155, 9473215.170294368639588 ], [ 4539271.645474373362958, 9473210.282060181722045 ], [ 4539174.404114303179085, 9473196.028498178347945 ], [ 4539171.412959584966302, 9473136.407782677561045 ], [ 4539272.159213823266327, 9473146.009730976074934 ], [ 4539336.817470259033144, 9473151.42092646099627 ], [ 4539335.872590421698987, 9473106.487018149346113 ], [ 4539564.007081310264766, 9472687.92329403758049 ], [ 4540128.194409477524459, 9471463.546424435451627 ], [ 4541855.255194734781981, 9466297.544565796852112 ], [ 4541883.582108959555626, 9466042.964150905609131 ], [ 4541722.004205781966448, 9466071.288358002901077 ], [ 4541711.486295013688505, 9466064.65665820799768 ], [ 4541671.44857035856694, 9466015.193512244150043 ], [ 4541640.700568527914584, 9465968.592447502538562 ], [ 4541562.799411510117352, 9465837.132459741085768 ], [ 4541503.661933902651072, 9465861.932546894997358 ], [ 4541486.912358039058745, 9465859.928639626130462 ], [ 4541436.430638756603003, 9465841.113157751038671 ], [ 4541317.474630895070732, 9465692.46564194560051 ], [ 4541222.200508865527809, 9465573.720087476074696 ], [ 4541019.175687598064542, 9465375.884868169203401 ], [ 4540996.436121255159378, 9465351.550322446972132 ], [ 4540931.633817398920655, 9465284.190603647381067 ], [ 4540837.399530733004212, 9465351.219416359439492 ], [ 4540826.929376027546823, 9465360.039282031357288 ], [ 4540866.625015888363123, 9465413.038982259109616 ], [ 4540252.323211438022554, 9465833.848727595061064 ], [ 4540305.327096423134208, 9465928.055093877017498 ], [ 4539981.875402862206101, 9466140.029687443748116 ], [ 4539386.6180255766958, 9466548.413534991443157 ], [ 4538810.917479073628783, 9466940.627956885844469 ], [ 4538376.438285743817687, 9467272.002957552671432 ], [ 4538368.173926747404039, 9467278.431563820689917 ], [ 4538355.66751591488719, 9467287.940355626866221 ], [ 4538285.725257211364806, 9467373.070547075942159 ], [ 4538135.794934993609786, 9467491.803470389917493 ], [ 4537903.341470502316952, 9467668.765730461105704 ], [ 4537817.16716024838388, 9467729.749362515285611 ], [ 4537746.153896722942591, 9467758.41909397393465 ], [ 4537659.776428397744894, 9467780.240546656772494 ], [ 4537358.503584903664887, 9467844.451966557651758 ], [ 4537141.867284219712019, 9467899.728860462084413 ], [ 4536986.152244664728642, 9467936.575026841834188 ], [ 4536820.628844775259495, 9467973.07434724830091 ], [ 4536689.542129362933338, 9468005.078349176794291 ], [ 4536517.268426870927215, 9468041.860510863363743 ], [ 4536255.345130942761898, 9468094.534052358940244 ], [ 4536145.40054717939347, 9468110.556709382683039 ], [ 4536033.15832912735641, 9468125.9108752515167 ], [ 4536023.485444613732398, 9467513.173806177452207 ], [ 4535668.805739578790963, 9467355.949929123744369 ], [ 4535625.033691284246743, 9467075.966450879350305 ], [ 4535396.947735693305731, 9466874.345165129750967 ], [ 4534662.97235794365406, 9467541.529724430292845 ], [ 4534807.565467174164951, 9467703.484649388119578 ], [ 4534317.106039633974433, 9468020.98641437292099 ], [ 4533638.533704535104334, 9468123.789094969630241 ], [ 4532491.529397456906736, 9468292.031696287915111 ], [ 4532459.741003665141761, 9468471.782743558287621 ], [ 4532456.553036087192595, 9468552.001120574772358 ], [ 4531983.424494790844619, 9468570.456609761342406 ], [ 4531744.896548325195909, 9468610.850304098799825 ], [ 4531685.178428253158927, 9468660.008302088826895 ], [ 4531312.298097792081535, 9468749.264926323667169 ], [ 4531285.421565213240683, 9468379.903705280274153 ], [ 4531248.260781477205455, 9468174.952916909009218 ], [ 4531200.664240757003427, 9468085.685469020158052 ], [ 4531240.5403295122087, 9468055.195279531180859 ], [ 4531237.357148673385382, 9468021.328290466219187 ], [ 4531118.328337864950299, 9467965.689722729846835 ], [ 4531045.784876618534327, 9468042.333303146064281 ], [ 4530924.031075995415449, 9468138.386191848665476 ], [ 4530748.436490453779697, 9468249.498122598975897 ], [ 4530471.323983964510262, 9468453.834934677928686 ], [ 4530314.887260151095688, 9468521.416472256183624 ], [ 4529974.91441832203418, 9468573.521597372367978 ], [ 4529712.473264121450484, 9468650.684628430753946 ], [ 4529410.976891092024744, 9468790.019890980795026 ], [ 4529216.346227346919477, 9468781.620295155793428 ], [ 4529145.584879829548299, 9468756.349518209695816 ], [ 4528787.319017398171127, 9468716.075590472668409 ], [ 4528671.445446236990392, 9468694.262352922931314 ], [ 4528499.577837248332798, 9468692.031166901811957 ], [ 4528312.01206498593092, 9468694.739062430337071 ], [ 4528101.733665698207915, 9468693.498481515794992 ], [ 4527872.898752573877573, 9468674.667192360386252 ], [ 4527705.019609620794654, 9468651.945602599531412 ], [ 4527572.55130800884217, 9468601.113776283338666 ], [ 4527493.837741346098483, 9468530.751595905050635 ], [ 4527453.627248840406537, 9468419.778044823557138 ], [ 4527443.855178660713136, 9468048.833361081779003 ], [ 4527366.276514207012951, 9467849.450877517461777 ], [ 4527189.44249745644629, 9467571.208763565868139 ], [ 4527075.881032118573785, 9467421.443810755386949 ], [ 4526907.447072822600603, 9467204.088945483788848 ], [ 4526745.844568038359284, 9466988.817279431968927 ], [ 4526628.832309804856777, 9466835.748195700347424 ], [ 4526504.809929277747869, 9466759.811653211712837 ], [ 4526380.131431672722101, 9466658.990859162062407 ], [ 4526317.194063246250153, 9466585.965702263638377 ], [ 4526351.140608005225658, 9466501.348141118884087 ], [ 4526431.505265354178846, 9466463.050089487805963 ], [ 4526512.692017143592238, 9466456.392722737044096 ], [ 4526585.593370552174747, 9466479.367221748456359 ], [ 4526620.118554024025798, 9466428.949867499992251 ], [ 4526652.320945001207292, 9466393.435636088252068 ], [ 4526693.907012455165386, 9466347.012268953025341 ], [ 4526699.535437229089439, 9466337.626074690371752 ], [ 4526698.729261476546526, 9466331.009356053546071 ], [ 4526744.700537631288171, 9466227.310635555535555 ], [ 4526364.295677510090172, 9465933.000505881384015 ], [ 4525653.781550361774862, 9465451.794414382427931 ], [ 4525634.409287296235561, 9465437.096002303063869 ], [ 4526029.375961327925324, 9464361.579836605116725 ], [ 4526022.085425236262381, 9464281.407706461846828 ], [ 4525976.584028651937842, 9464287.160009551793337 ], [ 4525913.142939529381692, 9464284.272889103740454 ], [ 4525853.777924881316721, 9464299.423897178843617 ], [ 4525831.361852980218828, 9464315.732681198045611 ], [ 4525813.380972228944302, 9464312.260741731151938 ], [ 4525715.942910618148744, 9464360.142325934022665 ], [ 4525681.146441547200084, 9464414.536178395152092 ], [ 4525575.505024020560086, 9464495.256444029510021 ], [ 4525451.639492656104267, 9464466.763569254428148 ], [ 4525420.981214336119592, 9464471.180691573768854 ], [ 4525381.755899324081838, 9464504.630385171622038 ], [ 4525298.932417062111199, 9464540.668079664930701 ], [ 4525230.791419037617743, 9464573.133751826360822 ], [ 4525112.199203272350132, 9464580.55483702942729 ], [ 4524857.572677325457335, 9464646.101212210953236 ], [ 4524650.532005428336561, 9464717.786182545125484 ], [ 4524595.613647839985788, 9464725.307818241417408 ], [ 4524483.884835279546678, 9464759.632367376238108 ], [ 4524383.915368448011577, 9464848.768263896927238 ], [ 4524386.585255114361644, 9464998.846520816907287 ], [ 4524357.818851540796459, 9465100.111590329557657 ], [ 4524173.498376394622028, 9465056.058387689292431 ], [ 4524142.693156345747411, 9465044.004834216088057 ], [ 4524102.381474423222244, 9465033.153040183708072 ], [ 4524032.576583970338106, 9465038.27127318456769 ], [ 4523944.244901983998716, 9465046.374246314167976 ], [ 4523855.356956503354013, 9465058.970343451946974 ], [ 4523756.135667969472706, 9465073.495553940534592 ], [ 4523630.027160184457898, 9465086.876604005694389 ], [ 4523558.315923452377319, 9465100.269294258207083 ], [ 4523470.814016950316727, 9465110.579680118709803 ], [ 4523425.752109716646373, 9465119.888877609744668 ], [ 4523377.496334971860051, 9465124.092952072620392 ], [ 4523306.55431592091918, 9465119.543528286740184 ], [ 4523274.349030637182295, 9465115.652025872841477 ], [ 4522838.699869459494948, 9465116.015958821401 ], [ 4522413.489693529903889, 9465144.814987260848284 ], [ 4521926.00962084159255, 9465091.154993817210197 ], [ 4521898.280714921653271, 9465088.070609012618661 ], [ 4521752.134921432472765, 9465071.956978717818856 ], [ 4521729.609199832193553, 9465055.15346709266305 ], [ 4521696.68289820663631, 9465025.546160338446498 ], [ 4521677.585037684999406, 9465002.000296756625175 ], [ 4521670.696810234338045, 9464984.535689754411578 ], [ 4521681.632503051310778, 9464930.876912878826261 ], [ 4521683.436769358813763, 9464921.768509056419134 ], [ 4521685.230794271454215, 9464917.525323521345854 ], [ 4521738.799848311580718, 9464967.718964559957385 ], [ 4521790.571537853218615, 9464998.178547175601125 ], [ 4521832.098383338190615, 9465012.839395834133029 ], [ 4521888.228676222264767, 9464895.180502746254206 ], [ 4521831.817190303467214, 9464867.250995645299554 ], [ 4521820.26055736746639, 9464888.572102772071958 ], [ 4521813.367654497735202, 9464906.807161772623658 ], [ 4521811.812075932510197, 9464906.10615992359817 ], [ 4521805.020028522238135, 9464923.410550270229578 ], [ 4521792.615141064859927, 9464952.318487660959363 ], [ 4521777.230119519867003, 9464984.753529259935021 ], [ 4521756.938691419549286, 9464973.951898220926523 ], [ 4521751.773021768778563, 9464965.845910865813494 ], [ 4521747.826077903620899, 9464963.806123180314898 ], [ 4521741.710741676390171, 9464960.789158770814538 ], [ 4521728.438675386831164, 9464949.631641119718552 ], [ 4521689.745801499113441, 9464906.800709247589111 ], [ 4521728.455929907038808, 9464814.735190223902464 ], [ 4521735.71184563729912, 9464797.458682248368859 ], [ 4521760.111853504553437, 9464739.244145296514034 ], [ 4521758.89001077413559, 9464676.816727299243212 ], [ 4521625.088658258318901, 9464454.910003516823053 ], [ 4521242.131242213770747, 9464453.351690426468849 ], [ 4521211.97746382560581, 9464256.085137525573373 ], [ 4521210.766753043979406, 9464189.260521411895752 ], [ 4521208.292677361518145, 9464092.46822358481586 ], [ 4521240.740861774422228, 9464095.084549009799957 ], [ 4521240.383971486240625, 9464061.813312977552414 ], [ 4521247.724490028806031, 9463973.146954923868179 ], [ 4521250.984926594421268, 9463928.124513860791922 ], [ 4521260.314390479587018, 9463926.007347989827394 ], [ 4521271.76649441383779, 9463774.566858546808362 ], [ 4521277.987472837790847, 9463672.029205024242401 ], [ 4521283.480644430033863, 9463634.144139653071761 ], [ 4521331.792301558889449, 9463508.585282159969211 ], [ 4521435.891944138333201, 9463226.990176063030958 ], [ 4521453.626808813773096, 9463179.020017689093947 ], [ 4521488.642911239527166, 9463087.86979503929615 ], [ 4521510.348542152903974, 9463031.19249864667654 ], [ 4521511.565598145127296, 9463028.132235342636704 ], [ 4521548.566193133592606, 9462927.800972145050764 ], [ 4521574.601818280294538, 9462890.031620420515537 ], [ 4521581.43204827606678, 9462823.656235046684742 ], [ 4521583.773765084333718, 9462704.360765060409904 ], [ 4521617.925694303587079, 9462703.524004802107811 ], [ 4521631.637361262924969, 9462649.398753201588988 ], [ 4521646.460887296125293, 9462591.337617855519056 ], [ 4521660.751526926644146, 9462534.965920500457287 ], [ 4521669.718979827128351, 9462510.353466579690576 ], [ 4521739.169985618442297, 9462325.475889896973968 ], [ 4521928.837135908193886, 9461934.417299164459109 ], [ 4522003.256664531305432, 9461780.424116753041744 ], [ 4522126.29999013710767, 9461725.567579139024019 ], [ 4522201.230809181928635, 9461686.98555226996541 ], [ 4522235.820224001072347, 9461669.201236426830292 ], [ 4522746.040196990594268, 9461416.063624983653426 ], [ 4522781.977134245447814, 9461401.32458608597517 ], [ 4522957.934955284930766, 9461346.281123159453273 ], [ 4523415.016903302632272, 9461141.844212768599391 ], [ 4523559.13234059792012, 9461082.559821693226695 ], [ 4523737.320113676600158, 9461000.433427963405848 ], [ 4524445.577683426439762, 9460676.659874310716987 ], [ 4524817.081659702584147, 9460430.965498384088278 ], [ 4524825.357818565331399, 9459322.248265279456973 ], [ 4524842.517606751993299, 9458623.101485682651401 ], [ 4524844.84518598485738, 9458489.709399562329054 ], [ 4524852.126482558436692, 9458075.464371539652348 ], [ 4524951.767668211832643, 9458036.500526286661625 ], [ 4525030.729366018436849, 9458010.122503969818354 ], [ 4525159.40378806553781, 9457958.31692180223763 ], [ 4525213.5314433099702, 9457944.672686688601971 ], [ 4525284.157982924953103, 9457918.5667764544487 ], [ 4525291.661918479017913, 9457878.51955995708704 ], [ 4525319.914471284486353, 9457829.86242619343102 ], [ 4525620.786119332537055, 9457601.529965119436383 ], [ 4526573.823672110214829, 9456783.963262550532818 ], [ 4526669.513349798507988, 9456710.481372207403183 ], [ 4526796.652230788953602, 9456605.126547936350107 ], [ 4526909.525185077451169, 9456514.200498778373003 ], [ 4526948.141248515807092, 9456478.466898242011666 ], [ 4526936.872710420750082, 9456471.992936693131924 ], [ 4526906.096544760279357, 9456459.873319199308753 ], [ 4526890.70662515796721, 9456456.00024308077991 ], [ 4526878.209008565172553, 9456443.283606534823775 ], [ 4526876.345520288683474, 9456427.302320679649711 ], [ 4526876.702521896921098, 9456373.420237824320793 ], [ 4526843.051975663751364, 9456300.241130638867617 ], [ 4526827.271435968577862, 9456277.433733006939292 ], [ 4526782.51799504365772, 9456257.009117886424065 ], [ 4526754.714839022606611, 9456241.873529078438878 ], [ 4526704.208072854205966, 9456237.652305396273732 ], [ 4526687.591523784212768, 9456245.445137405768037 ], [ 4526675.485306520946324, 9456251.662653172388673 ], [ 4526651.242815732955933, 9456261.137034801766276 ], [ 4526625.213535798713565, 9456257.58913479372859 ], [ 4526598.985439253039658, 9456245.326040802523494 ], [ 4526572.845841702073812, 9456237.432672940194607 ], [ 4526546.704351721331477, 9456229.492654927074909 ], [ 4526537.253994869999588, 9456216.672538826242089 ], [ 4526524.029907280579209, 9456169.047397926449776 ], [ 4526518.686683042906225, 9456134.284281685948372 ], [ 4526518.148008025251329, 9456109.525767372921109 ], [ 4526532.80143787804991, 9456079.972651924937963 ], [ 4526544.772958556190133, 9456069.388261182233691 ], [ 4526582.532084555365145, 9456049.265846867114305 ], [ 4526621.843560853973031, 9456032.040645822882652 ], [ 4526633.74873511493206, 9456017.06278220936656 ], [ 4526640.850250711664557, 9455992.103355536237359 ], [ 4526647.914474276825786, 9455965.688105521723628 ], [ 4526674.087356355041265, 9455905.162616210058331 ], [ 4526679.502381664700806, 9455872.962527718394995 ], [ 4526674.659761177375913, 9455861.479084217920899 ], [ 4526654.849455915391445, 9455863.550273403525352 ], [ 4526643.128404090180993, 9455885.762172287330031 ], [ 4526630.487185355275869, 9455937.119255255907774 ], [ 4526617.293710625730455, 9455962.284707482904196 ], [ 4526588.571834847331047, 9455976.293994152918458 ], [ 4526562.668123298324645, 9455978.54823731072247 ], [ 4526542.571392986923456, 9455967.558518713340163 ], [ 4526503.861598536372185, 9455944.013156313449144 ], [ 4526475.234900922514498, 9455891.035668678581715 ], [ 4526457.257916354574263, 9455836.298266755416989 ], [ 4526458.131663038395345, 9455807.132688688114285 ], [ 4526465.158371935598552, 9455779.239057445898652 ], [ 4526488.024285901337862, 9455705.780752750113606 ], [ 4526490.479548590257764, 9455677.984440607950091 ], [ 4526483.864165210165083, 9455654.914069104939699 ], [ 4526457.4761025570333, 9455635.370480170473456 ], [ 4526367.789439728483558, 9455584.324128212407231 ], [ 4526318.060574162751436, 9455545.133259749040008 ], [ 4526299.186465818434954, 9455519.517183737829328 ], [ 4526289.850434083491564, 9455441.219121843576431 ], [ 4526288.52528686542064, 9455380.080286534503102 ], [ 4526269.813927615992725, 9455361.74554368108511 ], [ 4526250.57992335781455, 9455320.135367434471846 ], [ 4526248.183326040394604, 9455279.470346176996827 ], [ 4526271.65915949549526, 9455093.835299635306001 ], [ 4526271.261526274494827, 9455076.385354766622186 ], [ 4526260.813524147495627, 9455086.904854655265808 ], [ 4526243.277476081624627, 9455123.836892586201429 ], [ 4526215.631503181532025, 9455187.306889325380325 ], [ 4526182.8653903035447, 9455224.731491861864924 ], [ 4526142.201827470213175, 9455252.210795855149627 ], [ 4526108.875777551904321, 9455264.903897523880005 ], [ 4526052.681030683219433, 9455278.312019344419241 ], [ 4525968.043374679982662, 9455320.289244862273335 ], [ 4525920.708768721669912, 9455391.630995307117701 ], [ 4525898.252399164251983, 9455411.299952570348978 ], [ 4525869.456384603865445, 9455422.369999516755342 ], [ 4525840.771244258619845, 9455437.808243546634912 ], [ 4525801.315052621997893, 9455449.250015893951058 ], [ 4525760.224579541943967, 9455456.363049553707242 ], [ 4525737.083817753940821, 9455445.451469143852592 ], [ 4525712.185098567046225, 9455424.409613996744156 ], [ 4525696.146742931567132, 9455388.495421797037125 ], [ 4525650.670504552312195, 9455261.790031118318439 ], [ 4525640.937730153091252, 9455235.887850103899837 ], [ 4525634.662539138458669, 9455228.836639937013388 ], [ 4525624.162550807930529, 9455236.442523956298828 ], [ 4525609.135087467730045, 9455248.561591336503625 ], [ 4525588.263350860215724, 9455272.48997363075614 ], [ 4525574.532982227392495, 9455272.918610885739326 ], [ 4525566.720580362714827, 9455264.45025908946991 ], [ 4525539.011600632220507, 9455253.68073658645153 ], [ 4525513.027182452380657, 9455254.476922396570444 ], [ 4525488.474778201431036, 9455247.972378239035606 ], [ 4525463.57650429289788, 9455226.907397890463471 ], [ 4525441.835696421563625, 9455210.130360102280974 ], [ 4525418.944178974255919, 9455210.844577414914966 ], [ 4525403.765321126207709, 9455214.247871570289135 ], [ 4525392.22939361538738, 9455246.627446690574288 ], [ 4525397.036725824698806, 9455327.98002745769918 ], [ 4525401.435849461704493, 9455390.448679018765688 ], [ 4525408.348121923394501, 9455428.10530517436564 ], [ 4525396.710448397323489, 9455454.659797471016645 ], [ 4525367.863783470354974, 9455462.838401166722178 ], [ 4525341.603960869833827, 9455449.115982862189412 ], [ 4525321.047926340252161, 9455416.23311678506434 ], [ 4525306.784782622940838, 9455391.951383208855987 ], [ 4525279.052537118084729, 9455381.181924289092422 ], [ 4525202.439903206191957, 9455369.028863994404674 ], [ 4525106.082531211897731, 9455363.311906693503261 ], [ 4525043.681945368647575, 9455372.526056380942464 ], [ 4524983.016051152721047, 9455391.894161878153682 ], [ 4524908.80647108796984, 9455421.86119144782424 ], [ 4524777.210023727267981, 9455481.307955281808972 ], [ 4524707.924995296634734, 9455527.126215748488903 ], [ 4524668.984992139041424, 9455561.861086899414659 ], [ 4524640.630470680072904, 9455593.291115231812 ], [ 4524604.821884798817337, 9455632.26985427737236 ], [ 4524588.675437937490642, 9455663.335975514724851 ], [ 4524594.591178317554295, 9455725.768666937947273 ], [ 4524607.700606831349432, 9455767.568369207903743 ], [ 4524609.80554708186537, 9455795.17634697444737 ], [ 4524602.560540663078427, 9455812.873461790382862 ], [ 4524582.946936940774322, 9455823.676314890384674 ], [ 4524553.900564847514033, 9455823.114377431571484 ], [ 4524524.754450490698218, 9455816.749021140858531 ], [ 4524477.08722189348191, 9455802.215233435854316 ], [ 4524415.427689900621772, 9455775.000066170468926 ], [ 4524281.367853528819978, 9455719.506504541262984 ], [ 4524256.66828491166234, 9455707.172942664474249 ], [ 4524248.550311045721173, 9455685.596994068473577 ], [ 4524238.881656672805548, 9455661.14653149433434 ], [ 4524239.98438754864037, 9455640.718025524169207 ], [ 4524259.364554299041629, 9455619.723017562180758 ], [ 4524283.644782393239439, 9455611.71383965946734 ], [ 4524302.090978615917265, 9455616.9469208214432 ], [ 4524337.488238978199661, 9455630.389992559328675 ], [ 4524369.616379855200648, 9455632.306714316830039 ], [ 4524380.178039182908833, 9455626.157534565776587 ], [ 4524379.858440924435854, 9455611.617952287197113 ], [ 4524370.289974094368517, 9455592.993916703388095 ], [ 4524354.308391398750246, 9455559.988976690918207 ], [ 4524353.802221673540771, 9455535.277580801397562 ], [ 4524359.437214298173785, 9455513.251853125169873 ], [ 4524375.560284066013992, 9455482.164739621803164 ], [ 4524368.988649246282876, 9455460.549009796231985 ], [ 4524346.878928583115339, 9455426.293029533699155 ], [ 4524307.340249204076827, 9455362.030618116259575 ], [ 4524286.594414941035211, 9455320.45446334220469 ], [ 4524279.789677107706666, 9455288.646239621564746 ], [ 4524286.898762429133058, 9455263.691961277276278 ], [ 4524283.234347430989146, 9455234.646535554900765 ], [ 4524264.222648195922375, 9455203.225060343742371 ], [ 4524236.182938258163631, 9455176.455263366922736 ], [ 4524208.502456315793097, 9455168.571336351335049 ], [ 4524199.341307502239943, 9455168.855629762634635 ], [ 4524182.688690914772451, 9455175.208546586334705 ], [ 4524173.403977465815842, 9455169.668043995276093 ], [ 4524157.671082513406873, 9455148.314107146114111 ], [ 4524142.135000418871641, 9455135.696991601958871 ], [ 4524111.554534423165023, 9455133.715710608288646 ], [ 4524094.706329490989447, 9455131.354772882536054 ], [ 4524059.534713735803962, 9455129.538964869454503 ], [ 4524022.543024306185544, 9455113.200064422562718 ], [ 4523989.962592339143157, 9455089.48485885374248 ], [ 4523977.068121762014925, 9455057.881289845332503 ], [ 4523940.296510965563357, 9454980.389648733660579 ], [ 4523917.697541139088571, 9454922.836047256365418 ], [ 4523878.868189555592835, 9454892.067512849345803 ], [ 4523838.809536836110055, 9454875.830966357141733 ], [ 4523820.437702033668756, 9454873.485836550593376 ], [ 4523773.170667005702853, 9454876.422210326418281 ], [ 4523672.656625226140022, 9454889.733975753188133 ], [ 4523623.793046060949564, 9454889.796863202005625 ], [ 4523597.660684279166162, 9454881.870471723377705 ], [ 4523568.163913524709642, 9454859.484920050948858 ], [ 4523518.700433623977005, 9454831.904306462034583 ], [ 4523495.68791189044714, 9454826.810724368318915 ], [ 4523483.590043589472771, 9454831.54064473323524 ], [ 4523476.442998322658241, 9454855.059622785076499 ], [ 4523462.171839602291584, 9454902.097555818036199 ], [ 4523442.029913577251136, 9454960.94328692369163 ], [ 4523405.416042499244213, 9455033.397171556949615 ], [ 4523355.197705131955445, 9455115.015352752059698 ], [ 4523308.772579413838685, 9455157.219455700367689 ], [ 4523284.898333501070738, 9455184.178365556523204 ], [ 4523280.855543553829193, 9455209.051946230232716 ], [ 4523263.290218463167548, 9455244.520353410393 ], [ 4523249.752098590135574, 9455258.123294729739428 ], [ 4523227.113499025814235, 9455274.066111350432038 ], [ 4523217.193485242314637, 9455280.09435810148716 ], [ 4523203.122590286657214, 9455288.583348628133535 ], [ 4523177.393539018929005, 9455299.585930623114109 ], [ 4523139.787477319128811, 9455326.969126472249627 ], [ 4523099.378613481298089, 9455366.057489035651088 ], [ 4523067.519197854213417, 9455375.761115534231067 ], [ 4523027.86441224720329, 9455378.473194792866707 ], [ 4523005.058165529742837, 9455383.54861600138247 ], [ 4522964.404287490993738, 9455411.009721061214805 ], [ 4522928.686649634502828, 9455455.805007627233863 ], [ 4522893.012760336510837, 9455500.552119499072433 ], [ 4522896.719365421682596, 9455532.466462003067136 ], [ 4522914.814571289345622, 9455593.058099213987589 ], [ 4522920.067960698157549, 9455624.932390529662371 ], [ 4522913.403819382190704, 9455640.544551150873303 ], [ 4522890.147396643646061, 9455654.985211784020066 ], [ 4522859.564926896244287, 9455652.998372266069055 ], [ 4522830.312947703525424, 9455642.281099416315556 ], [ 4522770.111812360584736, 9455612.100482309237123 ], [ 4522722.039603455923498, 9455577.328504635021091 ], [ 4522674.093074257485569, 9455549.584249295294285 ], [ 4522613.633900334127247, 9455530.032703168690205 ], [ 4522573.77751512825489, 9455530.089667860418558 ], [ 4522567.556648024357855, 9455529.395781246945262 ], [ 4522561.272662769071758, 9455529.421299366280437 ], [ 4522557.401972754858434, 9455529.695296930149198 ], [ 4522507.796003906056285, 9455578.504408158361912 ], [ 4522458.031738742254674, 9455629.679857069626451 ], [ 4522398.946469975635409, 9455707.287390431389213 ], [ 4522378.343013341538608, 9455729.021673548966646 ], [ 4522352.162338898517191, 9455728.449175208806992 ], [ 4522289.998640933074057, 9455636.478859527036548 ], [ 4522276.05954825412482, 9455432.252327652648091 ], [ 4522300.129159873351455, 9455399.203288646414876 ], [ 4522337.069864976219833, 9455382.054419454187155 ], [ 4522394.848354240879416, 9455400.51422568038106 ], [ 4522411.951592125929892, 9455387.59972801618278 ], [ 4522425.504294851794839, 9455332.377783499658108 ], [ 4522352.421045395545661, 9455251.917993387207389 ], [ 4522285.469384810887277, 9455069.023982282727957 ], [ 4522249.970601072534919, 9455044.980820432305336 ], [ 4522063.061725126579404, 9455043.5230369027704 ], [ 4522012.714591109193861, 9455023.624424943700433 ], [ 4521875.605491244234145, 9454923.591988893225789 ], [ 4521793.607999604195356, 9454883.284406941384077 ], [ 4521587.815107878297567, 9454873.5626415386796 ], [ 4521526.036352711729705, 9454845.197688983753324 ], [ 4521492.685144589282572, 9454807.392362240701914 ], [ 4521477.062789890915155, 9454731.690047837793827 ], [ 4521535.267632804811001, 9454620.455564158037305 ], [ 4521693.717124332673848, 9454464.399777805432677 ], [ 4521828.8309336444363, 9454328.332946173846722 ], [ 4521825.087147848680615, 9454261.311904894188046 ], [ 4521768.986020672135055, 9454161.730675745755434 ], [ 4521739.901688631623983, 9454046.475942248478532 ], [ 4521754.491221094503999, 9453983.752439426258206 ], [ 4521742.088226069696248, 9453936.678866749629378 ], [ 4521461.600623939186335, 9453781.691883392632008 ], [ 4521401.46127091255039, 9453718.384220218285918 ], [ 4521362.189646992832422, 9453643.309956781566143 ], [ 4521348.548111313022673, 9453597.514465058222413 ], [ 4521375.781979457475245, 9453443.40742807649076 ], [ 4521402.917107214219868, 9453384.110755635425448 ], [ 4521452.176538486965001, 9453361.658567165955901 ], [ 4521520.911982592195272, 9453371.11593603156507 ], [ 4521558.087237861938775, 9453363.934395171701908 ], [ 4521582.071356112137437, 9453327.177234167233109 ], [ 4521529.414899257011712, 9453264.911301672458649 ], [ 4521427.722763306461275, 9453183.943707976490259 ], [ 4521364.418485837988555, 9453092.069091385230422 ], [ 4521324.597611549310386, 9452966.421070028096437 ], [ 4521361.478760724887252, 9452850.279105266556144 ], [ 4521428.015422247350216, 9452752.888507355004549 ], [ 4521519.088124054484069, 9452677.879630491137505 ], [ 4521522.60047662910074, 9452566.54655909538269 ], [ 4521457.154746116138995, 9452492.921682862564921 ], [ 4521353.31102704629302, 9452438.297145303338766 ], [ 4521308.181103602983057, 9452397.931327756494284 ], [ 4521265.580136352218688, 9452372.05431954562664 ], [ 4521254.455534359440207, 9452286.366664422675967 ], [ 4521518.567928074859083, 9452179.826644346117973 ], [ 4521584.989262604154646, 9452191.156227435916662 ], [ 4521590.831198162399232, 9452161.018159490078688 ], [ 4521587.253946324810386, 9452083.257853521034122 ], [ 4521547.532369023188949, 9452019.111603442579508 ], [ 4521500.065181551501155, 9451961.548089077696204 ], [ 4521419.633732507005334, 9451919.109289782121778 ], [ 4521388.494887945242226, 9451899.034491151571274 ], [ 4521336.558222918771207, 9451897.403715759515762 ], [ 4521291.838289159350097, 9451885.812855215743184 ], [ 4521203.993741265498102, 9451800.664628025144339 ], [ 4521077.256389677524567, 9451746.696187334135175 ], [ 4521009.146672430448234, 9451689.647809237241745 ], [ 4521069.844404022209346, 9451642.019654739648104 ], [ 4521067.449587817303836, 9451610.323289105668664 ], [ 4521021.808039994910359, 9451500.267259186133742 ], [ 4520899.608961407095194, 9451374.689761970192194 ], [ 4520075.279783121310174, 9451383.580828506499529 ], [ 4519935.126429142430425, 9451384.637277759611607 ], [ 4519794.352357682771981, 9451538.945995829999447 ], [ 4519453.273556713014841, 9451942.027327880263329 ], [ 4519274.932274055667222, 9452248.835487196221948 ], [ 4519177.088675539940596, 9452629.52287644892931 ], [ 4519066.757701825350523, 9453067.441299336031079 ], [ 4519083.603569047525525, 9453488.289461456239223 ], [ 4519082.374713188968599, 9453493.334923299029469 ], [ 4519074.847957137972116, 9453492.852795507758856 ], [ 4518878.460003912448883, 9453474.603342240676284 ], [ 4518829.190219925716519, 9453470.047235116362572 ], [ 4518834.345870822668076, 9453507.446001432836056 ], [ 4518867.767766822129488, 9453749.413846338167787 ], [ 4518291.177554947324097, 9453626.840748943388462 ], [ 4518264.687189682386816, 9453621.223894840106368 ], [ 4518234.744139090180397, 9453411.266217786818743 ], [ 4518200.976818710565567, 9453407.908370083197951 ], [ 4518177.463136630132794, 9453405.640773728489876 ], [ 4518203.199980261735618, 9453588.56830414570868 ], [ 4518201.913126948289573, 9453588.735801361501217 ], [ 4518204.616966060362756, 9453608.887549689039588 ], [ 4518185.8365887273103, 9453604.85652543976903 ], [ 4518116.725552660413086, 9453589.992546020075679 ], [ 4518090.050063082017004, 9453584.35922915302217 ], [ 4517820.780905274674296, 9453527.47537505440414 ], [ 4515084.174789962358773, 9452946.810702040791512 ], [ 4512832.967184179462492, 9452467.800521561875939 ], [ 4512852.936898953281343, 9453339.996235974133015 ], [ 4512870.250196717679501, 9454102.582604166120291 ], [ 4512900.551362111233175, 9455429.492027565836906 ], [ 4512902.967217700555921, 9455534.704582624137402 ], [ 4512919.512744937092066, 9456257.807994520291686 ], [ 4512919.786034286953509, 9456270.013623932376504 ], [ 4512913.121559011749923, 9456319.582131629809737 ], [ 4512883.852547936141491, 9456352.043847139924765 ], [ 4513092.696038987487555, 9456566.739760695025325 ], [ 4513292.183015518821776, 9456782.940294401720166 ], [ 4513527.442176456563175, 9456996.429065708070993 ], [ 4513675.08900195825845, 9457133.627241663634777 ], [ 4513767.360948639921844, 9457186.5459751393646 ], [ 4513985.963485489599407, 9457239.542193155735731 ], [ 4514172.207895395345986, 9457276.647130033001304 ], [ 4514353.308788228780031, 9457327.951922077685595 ], [ 4514474.801210689358413, 9457365.701629269868135 ], [ 4514612.867101576179266, 9457452.404561309143901 ], [ 4514860.044238518923521, 9457632.674612388014793 ], [ 4514910.539761417545378, 9457673.268082149326801 ], [ 4515499.756943131797016, 9458102.472313554957509 ], [ 4515673.589341133832932, 9458229.326084678992629 ], [ 4515833.65485770907253, 9458356.265163104981184 ], [ 4515989.624150981195271, 9458501.489275446161628 ], [ 4516525.452504911459982, 9459050.841842683032155 ], [ 4516652.265331114642322, 9459169.758735241368413 ], [ 4516767.675479236058891, 9459257.212085729464889 ], [ 4517036.032930413261056, 9459412.648723218590021 ], [ 4517572.377584140747786, 9459710.507463306188583 ], [ 4517831.876564200036228, 9459882.832425067201257 ], [ 4517987.306848498061299, 9460012.765491589903831 ], [ 4518162.307321916334331, 9460191.705436302348971 ], [ 4518303.645671875216067, 9460372.812955409288406 ], [ 4518331.925497954711318, 9460415.984246596693993 ], [ 4518462.763748264871538, 9460615.784514205530286 ], [ 4518684.316696898080409, 9460943.52728852443397 ], [ 4518721.227791016921401, 9461000.521907649934292 ], [ 4518652.970464125275612, 9461092.555569902062416 ], [ 4518707.297715216875076, 9461165.70432255230844 ], [ 4518893.361230949871242, 9461409.157937465235591 ], [ 4518816.640394492074847, 9461386.994980055838823 ], [ 4518729.11867312155664, 9461388.328697361052036 ], [ 4518634.905314520001411, 9461406.116176310926676 ], [ 4518544.512886120937765, 9461445.884127149358392 ], [ 4518460.361251013353467, 9461494.221236838027835 ], [ 4518393.967189758084714, 9461563.213461836799979 ], [ 4518301.299502287060022, 9461723.06099996343255 ], [ 4517942.137072677724063, 9461871.969236789271235 ], [ 4517929.671850056387484, 9461901.346369192004204 ], [ 4517976.261839940212667, 9462031.808017948642373 ], [ 4518209.19542539678514, 9462149.648370863869786 ], [ 4518244.925531038083136, 9462264.6650231461972 ], [ 4518342.570312942378223, 9462507.912918569520116 ], [ 4518603.855302911251783, 9462846.906113993376493 ], [ 4518703.930300620384514, 9463115.547397738322616 ], [ 4518885.110675569623709, 9463086.160575089976192 ], [ 4518954.667546196840703, 9463077.607256595045328 ], [ 4518957.780707077123225, 9463343.129815751686692 ], [ 4519039.448693024925888, 9463488.060030918568373 ], [ 4519206.770347967743874, 9463812.254485657438636 ], [ 4519213.543137107044458, 9463824.742837028577924 ], [ 4519230.987569231539965, 9463856.904836857691407 ], [ 4519241.324251868762076, 9463889.493562292307615 ], [ 4519242.521715631708503, 9463892.224392922595143 ], [ 4519255.39169592037797, 9463931.983878681436181 ], [ 4519300.627372880466282, 9463976.363757777959108 ], [ 4519316.390992012806237, 9463992.079273674637079 ], [ 4519355.730186863802373, 9464031.347183641046286 ], [ 4519373.009977460838854, 9464076.024467580020428 ], [ 4519378.304555082693696, 9464195.170949418097734 ], [ 4519345.652656001970172, 9464311.893753211945295 ], [ 4519344.355449975468218, 9464316.440076492726803 ], [ 4519333.988488435745239, 9464344.470897804945707 ], [ 4519333.926706118509173, 9464360.711394304409623 ], [ 4519341.516246361657977, 9464387.112603964284062 ], [ 4519351.322268987074494, 9464422.574173929169774 ], [ 4519355.495302738621831, 9464437.693734109401703 ], [ 4519353.601758199743927, 9464500.267956184223294 ], [ 4519364.161191137507558, 9464552.100331658497453 ], [ 4519355.169470588676631, 9464609.055655036121607 ], [ 4519360.30486133787781, 9464674.960784772410989 ], [ 4519399.988478694111109, 9464735.275681937113404 ], [ 4519427.152994795702398, 9464804.112938333302736 ], [ 4519452.265447405166924, 9464837.011102586984634 ], [ 4519476.956889698281884, 9464852.598191866651177 ], [ 4519489.810394703410566, 9464859.213010696694255 ], [ 4519509.64441101718694, 9464865.66110353730619 ], [ 4519529.644516009837389, 9464877.939932143315673 ], [ 4519553.250815909355879, 9464898.157949779182673 ], [ 4519566.480024195276201, 9464918.656839413568377 ], [ 4519593.526875594630837, 9464981.662222081795335 ], [ 4519629.04391572996974, 9465014.347759932279587 ], [ 4519642.95929735712707, 9465016.309356436133385 ], [ 4519690.765786637552083, 9465032.465705394744873 ], [ 4519711.920386069454253, 9465045.809768654406071 ], [ 4519720.314543591812253, 9465057.145531464368105 ], [ 4519727.224589663557708, 9465102.179293008521199 ], [ 4519823.470864806324244, 9465250.276747033 ], [ 4519842.824426197446883, 9465348.972507648169994 ], [ 4519918.425388577394187, 9465318.269300872460008 ], [ 4519927.870290773920715, 9465350.992531457915902 ], [ 4519928.115304972976446, 9465351.330148581415415 ], [ 4520026.415090762078762, 9465387.563167128711939 ], [ 4520017.119134044274688, 9465352.238978844136 ], [ 4520036.57689047884196, 9465323.602750973775983 ], [ 4520013.171410943381488, 9465279.816078431904316 ], [ 4520659.780358010903001, 9465204.218629105016589 ], [ 4520786.415740945376456, 9465189.989203540608287 ], [ 4520789.65780979488045, 9465298.441642373800278 ], [ 4520805.345397715456784, 9465369.738565802574158 ], [ 4520820.156901243142784, 9465679.541366491466761 ], [ 4520874.378176179714501, 9465700.203595006838441 ], [ 4520899.205205614678562, 9465707.001446800306439 ], [ 4520916.99528475664556, 9465734.26571230776608 ], [ 4520929.995063572190702, 9465763.230657104402781 ], [ 4520933.961043071933091, 9465799.374923899769783 ], [ 4520940.136380503885448, 9465855.74865042231977 ], [ 4520957.558660048991442, 9466014.769644225016236 ], [ 4520993.36713461112231, 9466341.680628212168813 ], [ 4521058.478016095235944, 9466362.525758096948266 ], [ 4521065.159300613217056, 9466364.640555938705802 ], [ 4521456.136172775179148, 9466489.757583098486066 ], [ 4521489.5706478767097, 9466458.87464863806963 ], [ 4521784.173227481544018, 9466574.92747163772583 ], [ 4521943.520733340643346, 9466582.581197230145335 ], [ 4522060.034168934449553, 9466578.935433967038989 ], [ 4522146.018679458647966, 9466546.805967975407839 ], [ 4522242.205287354066968, 9466499.845913678407669 ], [ 4522288.679393647238612, 9466450.004878355190158 ], [ 4522362.865373979322612, 9466448.107423266395926 ], [ 4522446.724795423448086, 9466493.291517622768879 ], [ 4522628.365810426883399, 9466582.20737861841917 ], [ 4522691.379877981729805, 9466591.190648047253489 ], [ 4522763.914656307548285, 9466670.087308229878545 ], [ 4522901.421612031757832, 9466687.998576184734702 ], [ 4523014.154192441143095, 9466702.218625376001 ], [ 4523088.073339954949915, 9466739.577983872964978 ], [ 4523291.638728668913245, 9466806.818872464820743 ], [ 4523302.269294761121273, 9466923.520778631791472 ], [ 4523373.023963109590113, 9466956.976139932870865 ], [ 4523482.789879090152681, 9467012.790849450975657 ], [ 4523562.914976894855499, 9466799.185041345655918 ], [ 4523623.04509040247649, 9466645.030352054163814 ], [ 4523735.236435447819531, 9466669.734654534608126 ], [ 4523811.41670445818454, 9466686.509475544095039 ], [ 4523828.464839194901288, 9466648.47865360789001 ], [ 4523891.346325237303972, 9466493.308039786294103 ], [ 4523893.316012308001518, 9466489.983213759958744 ], [ 4523912.862935654819012, 9466457.040697896853089 ], [ 4524463.37867187988013, 9466761.321422783657908 ], [ 4524486.060797366313636, 9466706.720016164705157 ], [ 4524583.929776725359261, 9466476.321729391813278 ], [ 4524825.290804232470691, 9466590.712273236364126 ], [ 4524866.143053602427244, 9466593.082720128819346 ], [ 4524920.714428337290883, 9466618.962516909465194 ], [ 4524994.129855155013502, 9466632.594329938292503 ], [ 4525019.254664226435125, 9466643.630327133461833 ], [ 4524985.699073518626392, 9466689.227445885539055 ], [ 4524883.442993028089404, 9466831.322366887703538 ], [ 4524788.282194240018725, 9466922.631625771522522 ], [ 4524805.836498701013625, 9466951.036293998360634 ], [ 4524817.17984349373728, 9466961.228295063599944 ], [ 4524825.09610644262284, 9466966.880283240228891 ], [ 4524830.193871203809977, 9466970.401031130924821 ], [ 4524831.54183891788125, 9466984.04075082577765 ], [ 4524835.498578899540007, 9466995.835046526044607 ], [ 4524836.748028863221407, 9467008.204323332756758 ], [ 4524834.803833956830204, 9467015.514625158160925 ], [ 4524830.892401008866727, 9467023.392668224871159 ], [ 4524836.691144604235888, 9467026.51378433033824 ], [ 4524951.56039131898433, 9467088.468830861151218 ], [ 4524960.209581795148551, 9467069.179158797487617 ], [ 4525071.64640333224088, 9467103.373349050059915 ], [ 4525121.855501181446016, 9467109.759202057495713 ], [ 4525178.758796609006822, 9467110.654316624626517 ], [ 4525197.653721699491143, 9467110.870672570541501 ], [ 4525226.431702500209212, 9467116.147642638534307 ], [ 4525246.627061882056296, 9467123.772263333201408 ], [ 4525255.924131792970002, 9467132.58814444206655 ], [ 4525221.151819052174687, 9467167.209160357713699 ], [ 4525125.060834599658847, 9467360.161788355559111 ], [ 4525109.74694620911032, 9467526.192061439156532 ], [ 4525241.597647287882864, 9467530.389046696946025 ], [ 4525281.845431822352111, 9467587.614950533956289 ], [ 4525290.738968580961227, 9467600.665875986218452 ], [ 4525295.916549417190254, 9467608.354794578626752 ], [ 4525484.825280015356839, 9467886.538466054946184 ], [ 4525732.974347431212664, 9468185.779581418260932 ], [ 4525934.135346464812756, 9468432.501780485734344 ], [ 4525923.745453110896051, 9468460.629753928631544 ], [ 4525911.423943952657282, 9468491.317948402836919 ], [ 4525882.712309568189085, 9468538.816739493981004 ], [ 4525863.036589570343494, 9468561.2797313015908 ], [ 4525851.578029105439782, 9468575.869726367294788 ], [ 4525835.993189074099064, 9468588.080629469826818 ], [ 4525791.009316802956164, 9468607.048036547377706 ], [ 4525600.567494178190827, 9468684.183543799445033 ], [ 4525603.483174281194806, 9468694.817825382575393 ], [ 4525497.0148755768314, 9468732.388627583160996 ], [ 4525507.216082394123077, 9468775.427904438227415 ], [ 4525517.015203209593892, 9468807.589452305808663 ], [ 4525561.815398320555687, 9468943.539331449195743 ], [ 4525229.940047572366893, 9469019.722465282306075 ], [ 4525056.758868591859937, 9469022.236539734527469 ], [ 4525013.041144208982587, 9468970.843199076130986 ], [ 4524991.163302045315504, 9468975.895073059946299 ], [ 4524939.816518999636173, 9468987.749249372631311 ], [ 4524926.554582783021033, 9469023.274709418416023 ], [ 4524906.518187634646893, 9469077.021117080003023 ], [ 4524875.181083059869707, 9469101.447516709566116 ], [ 4524131.169807936064899, 9469326.442533424124122 ], [ 4524091.265666670165956, 9469339.65136906504631 ], [ 4524065.030668316408992, 9469292.723118370398879 ], [ 4523997.195576252415776, 9469187.16720081306994 ], [ 4523987.443654901348054, 9469189.863147938624024 ], [ 4523965.788006439805031, 9469147.870124051347375 ], [ 4524023.293874272145331, 9469124.689643731340766 ], [ 4523991.131892270408571, 9469087.880928516387939 ], [ 4523986.452911432832479, 9469082.74194310978055 ], [ 4524071.458923632279038, 9468956.810206029564142 ], [ 4524063.872389014810324, 9468954.155409326776862 ], [ 4524052.966418500989676, 9468946.76924330368638 ], [ 4524033.086983835324645, 9468930.572955930605531 ], [ 4523976.559169049374759, 9468890.641503147780895 ], [ 4523861.076329300180078, 9468813.636221850290895 ], [ 4523780.649778314866126, 9468938.377983400598168 ], [ 4523892.878971987403929, 9469012.228281922638416 ], [ 4523886.748830267228186, 9469023.073531746864319 ], [ 4523851.10521987080574, 9469083.137329012155533 ], [ 4523838.395873608067632, 9469103.478685023263097 ], [ 4523824.923877513036132, 9469106.350213097408414 ], [ 4523824.338559630326927, 9469104.496722813695669 ], [ 4523806.30446816328913, 9469094.343209898099303 ], [ 4523795.450149892829359, 9469085.957714634016156 ], [ 4523767.493150337599218, 9469064.158572528511286 ], [ 4523697.432113735936582, 9469084.908689100295305 ], [ 4523703.483997852541506, 9469128.076399153098464 ], [ 4523603.447071409784257, 9469135.96376989595592 ], [ 4523572.940521555021405, 9469136.126987246796489 ], [ 4523557.691198470070958, 9469139.696851255372167 ], [ 4523542.386104320175946, 9469144.729735 ], [ 4523524.75020267162472, 9469151.64272484742105 ], [ 4523507.850790773518384, 9469157.320482509210706 ], [ 4523494.536200439557433, 9469157.820724558085203 ], [ 4523474.651867715641856, 9469149.967419195920229 ], [ 4523469.919898801483214, 9469157.092700649052858 ], [ 4523448.66611370164901, 9469159.332555923610926 ], [ 4523445.169123217463493, 9469157.042340716347098 ], [ 4523419.441185144707561, 9469168.181708600372076 ], [ 4523417.000950586982071, 9469166.821471862494946 ], [ 4523371.431649113073945, 9469173.420184938237071 ], [ 4523364.779641621746123, 9469177.193315882235765 ], [ 4523326.538279589265585, 9469184.093941140919924 ], [ 4523281.449544358067214, 9469184.900477983057499 ], [ 4523244.300783125683665, 9469193.610203664749861 ], [ 4523060.874092171899974, 9469231.567171448841691 ], [ 4522914.327548516914248, 9469104.147563207894564 ], [ 4522901.666403591632843, 9469097.411007219925523 ], [ 4522885.899444874376059, 9469096.248864805325866 ], [ 4522870.303138935938478, 9469098.695820454508066 ], [ 4522849.351586255244911, 9469103.796079335734248 ], [ 4522825.571961909532547, 9469105.975227983668447 ], [ 4522801.080783379264176, 9469105.471632301807404 ], [ 4522781.416974566876888, 9469112.628117693588138 ], [ 4522758.245933878235519, 9469122.339008122682571 ], [ 4522743.024663303978741, 9469126.601504933089018 ], [ 4522729.93248931132257, 9469131.982249043881893 ], [ 4522711.579578822478652, 9469141.194474691525102 ], [ 4522672.96195690985769, 9469148.524027610197663 ], [ 4522440.354982840828598, 9469211.309897208586335 ], [ 4522381.756625525653362, 9469226.571673369035125 ], [ 4522310.563914981670678, 9469242.973696798086166 ], [ 4522301.564513387158513, 9469246.540515650063753 ], [ 4522296.205704419873655, 9469249.680175153538585 ], [ 4522244.492902888916433, 9469265.192546375095844 ], [ 4522143.311500761657953, 9469295.057798452675343 ], [ 4522136.609176860190928, 9469297.046925827860832 ], [ 4522082.03668892942369, 9469311.14490151964128 ], [ 4522029.182528659701347, 9469324.801535211503506 ], [ 4521977.962872472591698, 9469339.943980759009719 ], [ 4521903.684274323284626, 9469361.915460400283337 ], [ 4521866.898859910666943, 9469372.782424410805106 ], [ 4521864.631727161817253, 9469375.100085509940982 ], [ 4521830.580208122730255, 9469393.412062581628561 ], [ 4521847.14076348952949, 9469422.013645436614752 ], [ 4521656.681463704444468, 9469507.070625215768814 ], [ 4521429.306728340685368, 9469598.241412101313472 ], [ 4521306.554503203369677, 9469637.598587805405259 ], [ 4521234.92208067048341, 9469667.268349787220359 ], [ 4521194.577448178082705, 9469605.973569190129638 ], [ 4521148.365499285049736, 9469535.298176625743508 ], [ 4521094.131422606296837, 9469298.419584162533283 ], [ 4521001.213711558841169, 9469303.847720911726356 ], [ 4520978.292471806518734, 9469301.535248408094049 ], [ 4520975.561025461181998, 9469300.974046517163515 ], [ 4520952.623867021873593, 9469298.26824308000505 ], [ 4520727.97690446022898, 9469272.357199545949697 ], [ 4520654.303550384007394, 9469263.646085530519485 ], [ 4520581.800720752216876, 9469406.023397743701935 ], [ 4520356.239713850431144, 9469309.575961856171489 ], [ 4520445.127881972119212, 9469109.839744968339801 ], [ 4520399.804596573114395, 9469089.984403943642974 ], [ 4520345.359903418458998, 9469060.972251715138555 ], [ 4519926.505736455321312, 9468837.947050809860229 ], [ 4519046.603975934907794, 9468561.124532489106059 ], [ 4519032.513934025540948, 9468433.846640376374125 ], [ 4518293.419640811160207, 9468526.746142029762268 ], [ 4518287.523603982292116, 9468527.493726732209325 ], [ 4518287.264897486194968, 9468527.967842664569616 ], [ 4518264.735947619192302, 9468603.253259882330894 ], [ 4518210.245390833355486, 9468785.265386935323477 ], [ 4518093.157101389020681, 9469176.470971632748842 ], [ 4518086.500418478623033, 9469212.459145640954375 ], [ 4518180.967028921470046, 9469254.781059505417943 ], [ 4518241.153804050758481, 9469281.701321063563228 ], [ 4518409.761867029592395, 9469357.633193669840693 ], [ 4518469.267366874031723, 9469385.413867393508554 ], [ 4518555.85957049857825, 9469419.496071334928274 ], [ 4519109.289094395004213, 9469640.866783065721393 ], [ 4519065.158597339875996, 9469702.250196639448404 ], [ 4519058.560245842672884, 9469711.441986879333854 ], [ 4518738.707400100305676, 9470158.660562438890338 ], [ 4518776.237875864841044, 9470345.416378349065781 ], [ 4518540.048195303417742, 9470712.705846017226577 ], [ 4518574.68269451521337, 9470743.604529689997435 ], [ 4518652.119426618330181, 9470812.700516579672694 ], [ 4518680.187300387769938, 9470823.693186806514859 ], [ 4518655.322756284847856, 9470900.303958173841238 ], [ 4518623.846168387681246, 9470997.330822329968214 ], [ 4518614.754037657752633, 9471030.900017311796546 ], [ 4518603.438300099223852, 9471072.511574251577258 ], [ 4518603.756896481849253, 9471089.053503273054957 ], [ 4518592.734040503390133, 9471127.013417875394225 ], [ 4518582.758700933307409, 9471161.662011958658695 ], [ 4518572.969487551599741, 9471194.61070247925818 ], [ 4518539.287215264514089, 9471311.693784546107054 ], [ 4518519.0944162318483, 9471381.906692506745458 ], [ 4518494.920052972622216, 9471465.984641162678599 ], [ 4518479.973184943199158, 9471518.109927158802748 ], [ 4518467.649226756766438, 9471561.179345404729247 ], [ 4518747.685094393789768, 9471572.73947056569159 ], [ 4518759.966083256527781, 9471926.489423954859376 ], [ 4518760.13606811966747, 9471931.282469842582941 ], [ 4518774.487933469936252, 9472343.892661416903138 ], [ 4518764.115405957214534, 9472452.076654925942421 ], [ 4518744.041162182576954, 9472475.242987647652626 ], [ 4518647.537182418629527, 9472638.854580672457814 ], [ 4518658.256581464782357, 9473029.294966055080295 ], [ 4518605.019816104322672, 9473092.973464416339993 ], [ 4518473.540922125801444, 9473104.425241520628333 ], [ 4518433.704240471124649, 9473103.968131326138973 ], [ 4518365.2803796203807, 9473098.8192483112216 ], [ 4518325.120426164008677, 9473134.091213501989841 ], [ 4518318.550238497555256, 9473234.502845361828804 ], [ 4518297.059008924290538, 9473289.919586399570107 ], [ 4518305.591870532371104, 9473495.162683591246605 ], [ 4518399.773391759954393, 9473718.389416722580791 ], [ 4518421.591232718899846, 9474203.638021595776081 ], [ 4518480.941887151449919, 9474319.823503497987986 ], [ 4518505.125601248815656, 9474784.835499174892902 ], [ 4518468.222633454017341, 9474959.987402703613043 ], [ 4518483.765617355704308, 9475058.906457917764783 ], [ 4518502.591301721520722, 9475100.067697037011385 ], [ 4518502.700840100646019, 9475132.147668803110719 ], [ 4518493.150184388272464, 9475214.356992902234197 ], [ 4518383.192242287099361, 9475432.857861950993538 ], [ 4518430.042051861993968, 9475562.932059425860643 ], [ 4518445.786635362543166, 9475839.016151823103428 ], [ 4518450.463167170993984, 9476070.38240203820169 ], [ 4518475.137020984664559, 9476237.791070785373449 ], [ 4518515.990828828886151, 9476229.112212775275111 ], [ 4518540.068232811056077, 9476342.507973661646247 ], [ 4518552.256381219252944, 9476452.417563861235976 ], [ 4518560.516510074958205, 9476449.787095014005899 ], [ 4518569.967646162956953, 9476509.549520583823323 ], [ 4518608.095907594077289, 9476586.810877349227667 ], [ 4518622.683436306193471, 9476716.559882964938879 ], [ 4518619.887869934551418, 9476834.180974634364247 ], [ 4518604.512755824252963, 9476904.161014771088958 ], [ 4518586.623713653534651, 9476936.465317018330097 ], [ 4518570.453110462985933, 9476965.405106384307146 ], [ 4518553.473437212407589, 9476991.523539317771792 ], [ 4518538.014499525539577, 9477008.785668002441525 ], [ 4518525.937893248163164, 9477021.409306589514017 ], [ 4518355.867426117882133, 9477174.025622598826885 ], [ 4518302.808326665312052, 9477225.129863578826189 ], [ 4518247.728889774531126, 9477265.78015292622149 ], [ 4518151.678314296528697, 9477326.785888476297259 ], [ 4517982.240364513359964, 9477483.41157385148108 ], [ 4517549.513228649273515, 9477767.75912556797266 ], [ 4517400.05167280882597, 9477905.799070598557591 ], [ 4517336.952111883088946, 9478029.390151433646679 ], [ 4517009.580302454531193, 9478496.398055190220475 ], [ 4516848.232719304971397, 9478609.176200849935412 ], [ 4516777.67397325951606, 9478717.661222204566002 ], [ 4516731.240164620801806, 9478787.763618955388665 ], [ 4516684.665091548115015, 9478846.823521412909031 ], [ 4516652.91265395283699, 9478910.186973148956895 ], [ 4516518.300784225575626, 9479054.225637704133987 ], [ 4516369.065874868072569, 9479158.507644960656762 ], [ 4515764.212646157480776, 9479581.179951272904873 ], [ 4515764.197729345411062, 9479581.389447467401624 ], [ 4515762.4763960596174, 9479582.410030258819461 ], [ 4515750.97230592276901, 9479590.437361281365156 ], [ 4515752.620613622479141, 9479599.796169493347406 ], [ 4515748.031912892125547, 9479609.729167142882943 ], [ 4515744.242708745412529, 9479625.758812407031655 ], [ 4515734.558692282997072, 9479635.245693830773234 ], [ 4515704.373521798290312, 9479650.403263496235013 ], [ 4515701.901561186648905, 9479658.185739589855075 ], [ 4515711.089649316854775, 9479676.970018550753593 ], [ 4515720.086490563116968, 9479690.956549851223826 ], [ 4515721.577392502687871, 9479709.166472114622593 ], [ 4515732.186696573160589, 9479719.397579470649362 ], [ 4515736.925122018903494, 9479735.318843500688672 ], [ 4515753.425119582563639, 9479735.123568098992109 ], [ 4515764.423262634314597, 9479734.753708753734827 ], [ 4515772.384943935088813, 9479750.104957178235054 ], [ 4515790.786946319043636, 9479748.765960125252604 ], [ 4515793.817842095158994, 9479756.166010545566678 ], [ 4515794.000294740311801, 9479767.719374479725957 ], [ 4515788.477623482234776, 9479773.418599562719464 ], [ 4515785.052768029272556, 9479782.887574104592204 ], [ 4515776.906296373344958, 9479784.420302506536245 ], [ 4515781.441675066947937, 9479794.081982370465994 ], [ 4515778.214411709457636, 9479798.621722038835287 ], [ 4515772.141376889310777, 9479797.494804847985506 ], [ 4515767.778766044415534, 9479792.747632594779134 ], [ 4515759.069463043473661, 9479792.376218359917402 ], [ 4515742.362299907021224, 9479799.00994854234159 ], [ 4515727.569275414571166, 9479792.009977042675018 ], [ 4515707.644088437780738, 9479792.945496035739779 ], [ 4515698.924544043838978, 9479803.368898233398795 ], [ 4515695.300871979445219, 9479809.596047788858414 ], [ 4515688.465187327936292, 9479823.658366285264492 ], [ 4515695.25879321154207, 9479833.55469218082726 ], [ 4515685.987104143947363, 9479837.686054116114974 ], [ 4515696.176177135668695, 9479856.569872194901109 ], [ 4515694.683271444402635, 9479869.722619680687785 ], [ 4515668.877187089063227, 9479870.869722923263907 ], [ 4515668.323706580325961, 9479859.307913616299629 ], [ 4515656.375229035504162, 9479850.383547492325306 ], [ 4515653.552389387972653, 9479827.839123878628016 ], [ 4515642.756291212514043, 9479805.938282171264291 ], [ 4515623.215379118919373, 9479806.045620054006577 ], [ 4515602.229762672446668, 9479790.262571698054671 ], [ 4515609.221851209178567, 9479777.795897221192718 ], [ 4515604.093584907241166, 9479773.613358728587627 ], [ 4515579.205663711763918, 9479772.773540683090687 ], [ 4515576.353992315009236, 9479770.449880788102746 ], [ 4515565.462159378454089, 9479763.015415765345097 ], [ 4515546.643710779026151, 9479746.333160653710365 ], [ 4515542.848495379090309, 9479744.186421427875757 ], [ 4515538.227178039029241, 9479736.431784054264426 ], [ 4515276.043505820445716, 9479907.517118411138654 ], [ 4515219.705156807787716, 9479954.197507675737143 ], [ 4515130.438057141378522, 9480028.168439034372568 ], [ 4515117.150406123138964, 9480039.191489605233073 ], [ 4514920.112458390183747, 9480205.93064452521503 ], [ 4514697.090426435694098, 9480377.788861025124788 ], [ 4514687.259022966958582, 9480385.377362260594964 ], [ 4514660.778676454909146, 9480405.793955290690064 ], [ 4514480.216681276448071, 9480520.796632662415504 ], [ 4514317.283685938455164, 9480631.426974058151245 ], [ 4514191.29985598474741, 9480721.386425433680415 ], [ 4514125.62169037386775, 9480764.440832713618875 ], [ 4514091.10941996332258, 9480787.055760664865375 ], [ 4513979.164647590368986, 9480860.435264341533184 ], [ 4513911.947267381474376, 9480904.501462604850531 ], [ 4513899.272318840026855, 9480884.828699972480536 ], [ 4513897.098360504023731, 9480886.145406723022461 ], [ 4513856.874287020415068, 9480909.776066327467561 ], [ 4513856.806604770943522, 9480909.825216647237539 ], [ 4513616.180619860999286, 9480993.717038227245212 ], [ 4513526.103002982214093, 9481018.04626152664423 ], [ 4513417.91192383877933, 9480824.729705212637782 ], [ 4513355.980883608572185, 9480851.260779907926917 ], [ 4512975.95150412991643, 9481025.885345099493861 ], [ 4512879.509084044024348, 9480861.953481499105692 ], [ 4512542.405502091161907, 9481028.123274028301239 ], [ 4512616.685881352052093, 9481241.791192647069693 ], [ 4512619.058878937736154, 9481248.45396444760263 ], [ 4512626.305332509800792, 9481268.739304058253765 ], [ 4512475.65299207624048, 9481289.041517393663526 ], [ 4512287.205680767074227, 9481314.77960685826838 ], [ 4512128.230427285656333, 9481335.774496383965015 ], [ 4512033.236941691488028, 9481348.553844928741455 ], [ 4511760.097984426654875, 9481388.484348714351654 ], [ 4511722.172435788437724, 9481394.134692715480924 ], [ 4511709.791370702907443, 9481395.969160482287407 ], [ 4511670.842350667342544, 9481401.543451519683003 ], [ 4511655.9740741988644, 9481349.514922825619578 ], [ 4511538.348222932778299, 9480942.511291844770312 ], [ 4511493.200711010023952, 9480939.575452469289303 ], [ 4511359.486299017444253, 9480967.706943681463599 ], [ 4511224.364919980056584, 9481017.924935977905989 ], [ 4510968.811213995330036, 9481148.354984669014812 ], [ 4510847.361092941835523, 9481257.654575793072581 ], [ 4510811.561969217844307, 9481296.27994135953486 ], [ 4510726.680523529648781, 9481387.89010694809258 ], [ 4510636.656785282306373, 9481485.042702754959464 ], [ 4510594.345693986862898, 9481557.615037608891726 ], [ 4510441.825969094410539, 9481548.830040216445923 ], [ 4510402.053630104288459, 9481488.927965115755796 ], [ 4510284.590082655660808, 9481546.937064470723271 ], [ 4510226.642833042889833, 9481575.562006033957005 ], [ 4510269.567294733598828, 9481722.648871771991253 ], [ 4510668.595794345252216, 9482227.447308707982302 ], [ 4510737.110937177203596, 9482442.533957537263632 ], [ 4510675.450737268663943, 9482528.717831697314978 ], [ 4510479.438153365626931, 9482643.070934308692813 ], [ 4510331.02467053104192, 9482710.826594557613134 ], [ 4510290.655436430126429, 9482742.576036309823394 ], [ 4510239.815491027198732, 9482760.43001725897193 ], [ 4510094.705970679409802, 9482784.043399501591921 ], [ 4509549.635427344590425, 9482718.005150988698006 ], [ 4509237.301100010983646, 9482625.076749362051487 ], [ 4508908.279758366756141, 9482555.498526930809021 ], [ 4508000.272498087957501, 9482321.566883217543364 ], [ 4507295.757823577150702, 9482134.744762530550361 ], [ 4506931.447535434737802, 9482034.82183806411922 ], [ 4506436.666462622582912, 9481907.045180829241872 ], [ 4505670.905028791166842, 9481702.866981809958816 ], [ 4505134.56415992602706, 9481524.179484337568283 ], [ 4504334.439067203551531, 9481305.170691912993789 ], [ 4503897.547580508515239, 9481184.693656053394079 ], [ 4503723.732214388437569, 9481173.932946495711803 ], [ 4503570.291432029567659, 9481183.609720000997186 ], [ 4503411.771252625621855, 9481187.788954060524702 ], [ 4503269.038069447502494, 9481202.204290863126516 ], [ 4502955.862500720657408, 9481281.676338072866201 ], [ 4502681.460512512363493, 9481349.163346806541085 ], [ 4502386.007118039764464, 9481415.676719177514315 ], [ 4502169.920401681214571, 9481460.654438668861985 ], [ 4501509.8062853096053, 9481713.510264024138451 ], [ 4501510.818290800787508, 9481655.702886970713735 ], [ 4501513.988892537541687, 9481472.968341313302517 ], [ 4501435.978865057229996, 9481475.394232850521803 ], [ 4501319.005679965950549, 9481475.233576046302915 ], [ 4501305.948682931251824, 9481475.194770054891706 ], [ 4501305.319839128293097, 9481464.700602890923619 ], [ 4501304.91730784997344, 9481457.123618993908167 ], [ 4501302.620564115233719, 9481419.086444409564137 ], [ 4501227.229772934690118, 9481426.982887992635369 ], [ 4501148.895360457710922, 9481434.920733220875263 ], [ 4501141.941565826535225, 9481368.130367811769247 ], [ 4501133.616315067745745, 9481288.367863159626722 ], [ 4501054.611425299197435, 9481296.933417741209269 ], [ 4500774.99478686414659, 9481326.233591286465526 ], [ 4500463.673132937401533, 9481359.739868428558111 ], [ 4500147.205290270037949, 9481393.356770904734731 ], [ 4499742.45385563839227, 9481436.835668897256255 ], [ 4499482.209480268880725, 9481465.401179390028119 ], [ 4499243.152320943772793, 9481490.722099179401994 ], [ 4499130.394248371012509, 9481499.050146892666817 ], [ 4499080.099879791028798, 9481500.987866213545203 ], [ 4498979.616228233091533, 9481502.095652053132653 ], [ 4498875.601633744314313, 9481499.944498719647527 ], [ 4498777.300846080295742, 9481496.184185963124037 ], [ 4498680.076406572014093, 9481490.199769403785467 ], [ 4498583.498621985316277, 9481481.658816384151578 ], [ 4498478.530910017900169, 9481468.276958672329783 ], [ 4498378.820706279948354, 9481454.092879453673959 ], [ 4498281.48973401915282, 9481439.028713274747133 ], [ 4498184.007923847995698, 9481421.159444322809577 ], [ 4498087.542794588021934, 9481398.212639411911368 ], [ 4497991.617230898700655, 9481371.692187352105975 ], [ 4497896.71959138661623, 9481339.141755986958742 ], [ 4497809.269671087153256, 9481304.199013331905007 ], [ 4497725.780720909126103, 9481270.360829902812839 ], [ 4497684.543417420238256, 9481253.352677324786782 ], [ 4497680.166780320927501, 9481264.080394374206662 ], [ 4497636.775110725313425, 9481246.502603378146887 ], [ 4497471.789717935025692, 9481178.677683727815747 ], [ 4497310.176637799479067, 9481112.279332580044866 ], [ 4497150.140509570017457, 9481046.422786755487323 ], [ 4497133.397278917953372, 9481039.525573028251529 ], [ 4497015.537545401602983, 9480990.990456881001592 ], [ 4496614.667264815419912, 9481258.486033290624619 ], [ 4495117.323377008549869, 9482571.682083355262876 ], [ 4493873.464990367181599, 9483727.572280839085579 ], [ 4493522.771858936175704, 9483414.490734519436955 ], [ 4493313.013432990759611, 9482758.199819695204496 ], [ 4493403.222629508934915, 9481875.250336334109306 ], [ 4493406.803332248702645, 9481840.127719121053815 ], [ 4493395.135045863687992, 9481774.314321491867304 ], [ 4493308.667965347878635, 9481287.230360360816121 ], [ 4493046.477836599573493, 9480978.410169033333659 ], [ 4493079.050142244435847, 9480848.59840708039701 ], [ 4493436.114310773089528, 9480612.138586733490229 ], [ 4493521.177652508020401, 9480118.869280865415931 ], [ 4493641.663635452277958, 9479708.610133284702897 ], [ 4493779.143985818140209, 9479327.826782112941146 ], [ 4493743.979383191093802, 9478909.673885541036725 ], [ 4493706.32222584541887, 9478375.645916301757097 ], [ 4493680.038580873981118, 9477848.897332550957799 ], [ 4493687.037793857976794, 9477397.233624622225761 ], [ 4493782.722016891464591, 9476721.120655352249742 ], [ 4493799.405691614374518, 9476541.411749137565494 ], [ 4493848.389829787425697, 9476275.974088113754988 ], [ 4493862.207584221847355, 9476047.383944720029831 ], [ 4493844.160245735198259, 9475933.999640354886651 ], [ 4493854.159185037016869, 9475752.817152068018913 ], [ 4493883.472612590529025, 9475643.259652875363827 ], [ 4493906.108651805669069, 9475503.351859420537949 ], [ 4493894.325817663222551, 9475334.11786999180913 ], [ 4493831.095567656680942, 9475276.668438130989671 ], [ 4493807.242472447454929, 9475156.551580063998699 ], [ 4493820.722483546473086, 9475032.27719109877944 ], [ 4493912.427925339899957, 9474617.288079556077719 ], [ 4493882.022008305415511, 9474606.880853084847331 ], [ 4493870.550089500844479, 9474605.494240636005998 ], [ 4493871.427398407831788, 9474598.480286069214344 ], [ 4493844.37041693367064, 9474590.315439697355032 ], [ 4493808.292549205012619, 9474579.374544845893979 ], [ 4493803.780213644728065, 9474576.989529194310308 ], [ 4493787.062363837845623, 9474570.275667937472463 ], [ 4493779.490412073209882, 9474567.214540105313063 ], [ 4493774.661929160356522, 9474568.204418344423175 ], [ 4493744.016452581621706, 9474575.22480421513319 ], [ 4493694.335343076847494, 9474562.882596775889397 ], [ 4493675.517451073974371, 9474560.165990751236677 ], [ 4493638.358559770509601, 9474552.581157810986042 ], [ 4493619.292091345414519, 9474537.417719233781099 ], [ 4493625.413661464117467, 9474526.221296908333898 ], [ 4493592.751743628643453, 9474506.084529088810086 ], [ 4493584.758002313785255, 9474507.306746790185571 ], [ 4493548.075001832097769, 9474556.83271580375731 ], [ 4493533.016257716342807, 9474602.872212806716561 ], [ 4493537.355157507583499, 9474621.987580422312021 ], [ 4493547.941084485501051, 9474626.376161841675639 ], [ 4493544.01751771196723, 9474642.548547271639109 ], [ 4493530.010965422727168, 9474681.915988685563207 ], [ 4493525.723383914679289, 9474693.857018003240228 ], [ 4493504.876582873985171, 9474723.595311220735312 ], [ 4493473.990990153513849, 9474731.041017850860953 ], [ 4493421.000129548832774, 9474815.381613301113248 ], [ 4493415.510854138061404, 9474848.243180554360151 ], [ 4493438.386564218439162, 9474866.190434094518423 ], [ 4493456.765968745574355, 9474879.663439724594355 ], [ 4493501.958899021148682, 9474919.892379214987159 ], [ 4493499.685087102465332, 9474939.994399158284068 ], [ 4493490.320223619230092, 9474937.323655359447002 ], [ 4493486.432279082946479, 9474956.371433578431606 ], [ 4493475.967245073057711, 9474956.54796726629138 ], [ 4493474.506510715931654, 9474961.565609676763415 ], [ 4493470.495558142662048, 9474964.009685900062323 ], [ 4493467.706559620797634, 9474972.601954221725464 ], [ 4493462.402297203429043, 9475033.223711371421814 ], [ 4493462.1229966012761, 9475036.342421621084213 ], [ 4493455.579970890656114, 9475035.446561232209206 ], [ 4493444.761720136739314, 9475059.458553733304143 ], [ 4493436.287857858464122, 9475083.593143884092569 ], [ 4493433.961614459753036, 9475082.704514740034938 ], [ 4493411.03714644163847, 9475073.550193646922708 ], [ 4493400.668181153014302, 9475099.076968882232904 ], [ 4493391.503915392793715, 9475121.450968541204929 ], [ 4493337.397522171027958, 9475101.612850707024336 ], [ 4493314.45168081112206, 9475148.711250586435199 ], [ 4493273.994838272221386, 9475206.033763881772757 ], [ 4493192.683965251781046, 9475186.058157609775662 ], [ 4493187.164856216870248, 9475124.627099 ], [ 4493185.986428087577224, 9475056.47242927365005 ], [ 4493188.623475505039096, 9475039.30294893309474 ], [ 4493187.421336323954165, 9474970.500345889478922 ], [ 4493182.940838138572872, 9474970.247563624754548 ], [ 4493166.095193556509912, 9474970.797067824751139 ], [ 4493160.712228259071708, 9474978.788921158760786 ], [ 4493155.50637227203697, 9474984.663404366001487 ], [ 4493146.319397335872054, 9474980.524022983387113 ], [ 4493126.683195757679641, 9475011.122418474406004 ], [ 4493123.334482835605741, 9475024.050069078803062 ], [ 4493111.302181715145707, 9475095.241484889760613 ], [ 4493109.737474951893091, 9475103.116132015362382 ], [ 4493093.453771158121526, 9475098.147499021142721 ], [ 4493086.146648462861776, 9475126.97094358317554 ], [ 4493078.920788995921612, 9475161.173379914835095 ], [ 4493066.441762758418918, 9475203.757355598732829 ], [ 4493116.769304546527565, 9475241.227072320878506 ], [ 4493120.785823093727231, 9475248.409934485331178 ], [ 4493108.282640527002513, 9475291.59850431792438 ], [ 4493113.990658736787736, 9475327.228555839508772 ], [ 4493041.490834730677307, 9475339.078655945137143 ], [ 4493043.175877864472568, 9475355.347794014960527 ], [ 4493016.869857674464583, 9475375.312764009460807 ], [ 4492980.621782444417477, 9475374.974150782451034 ], [ 4492978.408083049580455, 9475399.923268461599946 ], [ 4492982.500076211988926, 9475440.786391835659742 ], [ 4493020.093447489663959, 9475439.892548065632582 ], [ 4493035.671051752753556, 9475442.011356053873897 ], [ 4493073.792077416554093, 9475461.836729658767581 ], [ 4493089.198583622463048, 9475468.137342123314738 ], [ 4493115.631841990165412, 9475478.184988906607032 ], [ 4493126.100660862401128, 9475600.703530833125114 ], [ 4493053.60651415027678, 9475605.199994152411819 ], [ 4493058.363084672950208, 9475679.352890096604824 ], [ 4493076.75952108297497, 9475676.821195358410478 ], [ 4493135.53765937499702, 9475672.944555703550577 ], [ 4493181.537210680544376, 9475664.317573145031929 ], [ 4493215.407167629338801, 9475666.737852467224002 ], [ 4493212.205841712653637, 9475700.7485127504915 ], [ 4493204.927996043115854, 9475701.944053562358022 ], [ 4493214.792127442546189, 9475749.162002703174949 ], [ 4493211.329423361457884, 9475772.25590923987329 ], [ 4493265.670478071086109, 9475818.581470496952534 ], [ 4493351.689497635699809, 9475823.955162197351456 ], [ 4493400.699350610375404, 9475842.405092174187303 ], [ 4493509.504356745630503, 9475887.792491981759667 ], [ 4493582.490201648324728, 9475916.169878827407956 ], [ 4493635.920662921853364, 9475938.237036252394319 ], [ 4493622.010179352946579, 9476022.546025769785047 ], [ 4493609.295823710970581, 9476073.821862583979964 ], [ 4493577.379635145887733, 9476202.272500773891807 ], [ 4493567.240878562442958, 9476263.129198888316751 ], [ 4493566.211618551053107, 9476284.952365962788463 ], [ 4493592.491923937574029, 9476307.765463840216398 ], [ 4493621.760489733889699, 9476345.061622474342585 ], [ 4493632.981605725362897, 9476375.50564425997436 ], [ 4493635.298720926977694, 9476393.169043367728591 ], [ 4493631.961028634570539, 9476437.304079502820969 ], [ 4493628.035124152898788, 9476472.366244185715914 ], [ 4493615.872913186438382, 9476539.95857441239059 ], [ 4493600.878177776001394, 9476589.744391784071922 ], [ 4493585.962145246565342, 9476639.156209010630846 ], [ 4493552.020832503214478, 9476702.447386322543025 ], [ 4493512.782270471565425, 9476764.75049558468163 ], [ 4493413.636122594587505, 9476905.246362883597612 ], [ 4493335.694890559650958, 9477002.92010223865509 ], [ 4493273.43323144223541, 9477080.178579803556204 ], [ 4493041.084407270886004, 9477399.392578834667802 ], [ 4493085.016978270374238, 9477428.268590208142996 ], [ 4492990.339194754138589, 9477685.513369532302022 ], [ 4492914.814040946774185, 9477865.99399945512414 ], [ 4493058.051724056713283, 9477878.159940306097269 ], [ 4493104.461042407900095, 9477918.248221149668097 ], [ 4493049.232993996702135, 9477939.81688860245049 ], [ 4492897.754662941209972, 9477905.188314208760858 ], [ 4492832.667158549651504, 9477935.378670854493976 ], [ 4492807.140486115589738, 9477971.21753978356719 ], [ 4492781.722795464098454, 9477974.587075108662248 ], [ 4492744.299743007868528, 9478043.815078360959888 ], [ 4492687.796084551140666, 9478167.374181231483817 ], [ 4492643.681060905568302, 9478411.018962239846587 ], [ 4492493.182341368868947, 9478402.752995558083057 ], [ 4492491.353918733075261, 9478420.573774939402938 ], [ 4492489.244191743433475, 9478584.079726317897439 ], [ 4492490.037231796421111, 9478690.692064229398966 ], [ 4492488.203688463196158, 9478769.853728348389268 ], [ 4492482.839536159299314, 9478838.67859167419374 ], [ 4492509.316431767307222, 9478949.737760836258531 ], [ 4492514.524180185981095, 9479044.589020846411586 ], [ 4492514.711419568397105, 9479227.800265913829207 ], [ 4492511.503748442046344, 9479846.795336801558733 ], [ 4492494.171081086620688, 9479840.049567714333534 ], [ 4492473.278861693106592, 9479831.693213481456041 ], [ 4492447.84113353304565, 9479821.391074506565928 ], [ 4491704.678558207117021, 9479530.643701875582337 ], [ 4491113.531207841821015, 9479285.792615443468094 ], [ 4491080.996416864916682, 9479272.728111781179905 ], [ 4491068.33248895406723, 9479285.282345451414585 ], [ 4491054.90546593349427, 9479299.164133442565799 ], [ 4490501.026099972426891, 9479848.224361598491669 ], [ 4489624.342474611476064, 9480756.626355141401291 ], [ 4489610.614332367666066, 9480770.031698482111096 ], [ 4489569.429571677930653, 9480810.247363744303584 ], [ 4489097.354224083945155, 9481271.276107413694263 ], [ 4488502.562718868255615, 9481874.393451577052474 ], [ 4488207.050102425739169, 9482176.498597390949726 ], [ 4488142.698753827251494, 9482246.20167887955904 ], [ 4487844.376433437690139, 9482554.236621975898743 ], [ 4487295.243507926352322, 9483132.024037435650826 ], [ 4486573.289855945855379, 9483824.813729317858815 ], [ 4486567.632710742764175, 9483830.729731960222125 ], [ 4486025.632136327214539, 9484314.357187846675515 ], [ 4485421.335059790872037, 9484873.526396872475743 ], [ 4485115.513924543745816, 9485173.505040103569627 ], [ 4484636.81918606813997, 9485644.193436950445175 ], [ 4484515.929002054966986, 9485745.339036306366324 ], [ 4484695.072564281523228, 9486203.878238599747419 ], [ 4484931.708747319877148, 9486777.844327546656132 ], [ 4485180.159935834817588, 9487348.22230845503509 ], [ 4485224.241897591389716, 9487421.657561253756285 ], [ 4485231.321371927857399, 9487433.441481694579124 ], [ 4486137.572901198640466, 9488937.282672185450792 ], [ 4486555.39947794098407, 9489919.980219706892967 ], [ 4486629.908952713944018, 9489903.386376703158021 ], [ 4486770.703395640477538, 9489872.00232382491231 ], [ 4486914.776308890432119, 9489838.847537845373154 ], [ 4487108.042640956118703, 9489794.067947302013636 ], [ 4487593.006670514121652, 9489638.705539848655462 ], [ 4487606.657779669389129, 9489672.359269861131907 ], [ 4487650.974402911961079, 9489761.578924361616373 ], [ 4487717.562048762105405, 9489882.005462367087603 ], [ 4487804.770183127373457, 9490024.470911601558328 ], [ 4487827.249707140028477, 9490055.019004052504897 ], [ 4487845.20576364453882, 9490076.618020374327898 ], [ 4487862.770866096019745, 9490097.673155352473259 ], [ 4487976.624211139045656, 9490186.808818094432354 ], [ 4487989.799652110785246, 9490196.817582976073027 ], [ 4487996.077180835418403, 9490201.589365055784583 ], [ 4488083.095960746519268, 9490272.02546045742929 ], [ 4488262.589734091423452, 9490850.837701544165611 ], [ 4488253.331737319938838, 9490906.501586051657796 ], [ 4488227.779238764196634, 9491048.144986018538475 ], [ 4488245.264413822442293, 9491088.175686694681644 ], [ 4488259.013038852252066, 9491112.765080103650689 ], [ 4488295.837415087036788, 9491168.186474408954382 ], [ 4488316.400574065744877, 9491216.941557705402374 ], [ 4488317.57388149946928, 9491259.212573826313019 ], [ 4488313.627271591685712, 9491302.458970041945577 ], [ 4488316.056151561439037, 9491342.197328675538301 ], [ 4488319.423232199624181, 9491388.644522709771991 ], [ 4488346.449489493854344, 9491425.984624940901995 ], [ 4488332.251356360502541, 9491574.064318982884288 ], [ 4488342.423286151140928, 9491672.139261607080698 ], [ 4488334.289170958101749, 9491711.307647604495287 ], [ 4488340.448701023124158, 9491755.331471081823111 ], [ 4488343.887582732364535, 9491779.899869535118341 ], [ 4488392.608450309373438, 9491863.774747857823968 ], [ 4489480.136534569784999, 9493310.242348564788699 ], [ 4492931.940878563560545, 9489228.096014069393277 ], [ 4494541.57852534763515, 9487323.232260277494788 ], [ 4495403.313390248455107, 9488007.078149858862162 ], [ 4495541.59746733866632, 9488114.240619113668799 ], [ 4495500.135298479348421, 9488454.572343811392784 ], [ 4495510.112864437513053, 9488662.69668635353446 ], [ 4495635.992276711389422, 9488830.035980392247438 ], [ 4495695.173502879217267, 9488879.85408890247345 ], [ 4495766.764848520047963, 9488998.334106091409922 ], [ 4496204.312007016502321, 9489015.724785316735506 ], [ 4496934.306265817023814, 9489000.615481061860919 ], [ 4497027.181786777451634, 9488998.683991113677621 ], [ 4497191.219850701279938, 9488771.504004064947367 ], [ 4497222.30092044826597, 9488673.030630441382527 ], [ 4497288.036638233810663, 9488546.513367395848036 ], [ 4497393.940658438950777, 9488426.607577078044415 ], [ 4497434.006324286572635, 9488364.405867889523506 ], [ 4497486.040393868461251, 9488316.932885544374585 ], [ 4497596.407101141288877, 9488216.661459527909756 ], [ 4497855.488299150019884, 9488036.991644417867064 ], [ 4497997.538091974332929, 9487966.207281842827797 ], [ 4498436.962987640872598, 9487804.514144359156489 ], [ 4498496.487300479784608, 9487972.924820899963379 ], [ 4498580.69415005389601, 9488149.568974576890469 ], [ 4498813.980618296191096, 9488104.786107992753386 ], [ 4499059.81858176458627, 9488050.646192079409957 ], [ 4499419.690561808645725, 9487921.231629509478807 ], [ 4499629.195401953533292, 9487873.297861935570836 ], [ 4499597.188821961171925, 9487676.951324250549078 ], [ 4499512.93232389446348, 9487671.852919436991215 ], [ 4499460.068590147420764, 9487459.542711498215795 ], [ 4499461.397967507131398, 9487459.09761799313128 ], [ 4499457.576703346334398, 9487443.253964733332396 ], [ 4500035.0177300889045, 9487262.817482888698578 ], [ 4500236.688906347379088, 9487201.617928728461266 ], [ 4500237.606290271505713, 9487291.255349759012461 ], [ 4500235.531406281515956, 9487387.09485675022006 ], [ 4500216.698152190074325, 9487465.652587136253715 ], [ 4500204.910086032934487, 9487519.916707118973136 ], [ 4500173.691759354434907, 9487598.106937980279326 ], [ 4500156.246881952509284, 9487644.545055875554681 ], [ 4500128.297118162736297, 9487868.08848874270916 ], [ 4500102.344648675993085, 9487919.14869425073266 ], [ 4500147.856509291566908, 9487909.807860974222422 ], [ 4500411.694500463083386, 9487832.400061385706067 ], [ 4500501.084051569923759, 9488087.977975603193045 ], [ 4500507.766449282877147, 9488108.222886446863413 ], [ 4500620.187001159414649, 9488074.642380183562636 ], [ 4500639.220630333758891, 9488068.507377732545137 ], [ 4500659.737480403855443, 9488062.316188905388117 ], [ 4500679.093713463284075, 9488088.10071736946702 ], [ 4500698.788914371281862, 9488097.650758422911167 ], [ 4500732.876723565161228, 9488125.689577473327518 ], [ 4500760.293934910558164, 9488149.797628426924348 ], [ 4500773.754576418548822, 9488166.346438258886337 ], [ 4500908.704078160226345, 9488120.241784101352096 ], [ 4501010.787724761292338, 9488043.494842475280166 ], [ 4500994.174960552714765, 9488026.461831299588084 ], [ 4500988.940384137444198, 9488004.024919321760535 ], [ 4500969.876810018904507, 9487946.694552829489112 ], [ 4500945.522999741137028, 9487889.402198130264878 ], [ 4500920.052766287699342, 9487808.077138775959611 ], [ 4500928.013000436127186, 9487803.755454646423459 ], [ 4500931.703686834312975, 9487801.919063365086913 ], [ 4500923.696698499843478, 9487787.186779184266925 ], [ 4500916.482304940931499, 9487773.772257804870605 ], [ 4500895.461066258139908, 9487745.078173022717237 ], [ 4500887.677607461810112, 9487723.96997601352632 ], [ 4500879.681639757938683, 9487703.38126520998776 ], [ 4500953.375587941147387, 9487680.117308614775538 ], [ 4501067.528271093964577, 9487664.963475978001952 ], [ 4501338.850271631032228, 9487703.64123572781682 ], [ 4501489.489810323342681, 9487922.113070726394653 ], [ 4501631.891818015836179, 9488132.442226506769657 ], [ 4501760.044708248227835, 9488726.684305094182491 ], [ 4501789.726491995155811, 9488929.206644238904119 ], [ 4502173.900296117179096, 9489186.893308578059077 ], [ 4502227.27988438308239, 9489214.032834697514772 ], [ 4502356.438880173489451, 9489279.823891958221793 ], [ 4502523.833560703322291, 9489365.099781088531017 ], [ 4502618.268333772197366, 9489413.196480985730886 ], [ 4502711.047118095681071, 9489460.448911961168051 ], [ 4502770.3997762799263, 9489490.705003002658486 ], [ 4502805.79269518237561, 9489508.718237712979317 ], [ 4502834.107698221690953, 9489523.142533836886287 ], [ 4502853.084331817924976, 9489536.807206531986594 ], [ 4502876.788036269135773, 9489553.894365396350622 ], [ 4502904.831197112798691, 9489594.107484878972173 ], [ 4502925.419291656464338, 9489651.318611895665526 ], [ 4502934.361586352810264, 9489717.296343125402927 ], [ 4502939.14609806612134, 9489706.978742824867368 ], [ 4502956.454163813963532, 9489669.474450947716832 ], [ 4502978.821366460993886, 9489605.091597855091095 ], [ 4503033.027390627190471, 9489531.21898184157908 ], [ 4503108.975001901388168, 9489449.147750396281481 ], [ 4503158.903240676037967, 9489383.714085061103106 ], [ 4503200.729869549162686, 9489323.19233032129705 ], [ 4503265.215803411789238, 9489302.319504106417298 ], [ 4503314.829230666160583, 9489277.412153592333198 ], [ 4503345.353702958673239, 9489257.836493268609047 ], [ 4503376.402824010699987, 9489252.024202574044466 ], [ 4503433.067784409970045, 9489243.41947265714407 ], [ 4503600.416267350316048, 9489210.336010206490755 ], [ 4503599.654396755620837, 9489292.579028375446796 ], [ 4503694.528993132524192, 9489309.4506317358464 ], [ 4503699.665719715878367, 9489322.991350857540965 ], [ 4503713.46532907243818, 9489328.111667038872838 ], [ 4503737.804445178247988, 9489337.477426450699568 ], [ 4503736.478630043566227, 9489341.06113675236702 ], [ 4503756.112271272577345, 9489348.793949075043201 ], [ 4503750.086547235958278, 9489358.182786507532001 ], [ 4503783.083648058585823, 9489372.981801411136985 ], [ 4503825.082154225558043, 9489392.47982282564044 ], [ 4503837.682741345837712, 9489398.412921646609902 ] ] ] } },
{ "type": "Feature", "properties": { "fid": 2 }, "geometry": { "type": "Polygon", "coordinates": [ [ [ 4503837.682741345837712, 9489398.412921646609902 ], [ 4504113.517077442258596, 9489528.01228148303926 ], [ 4504920.106270356103778, 9489846.293131291866302 ], [ 4504958.48143841791898, 9491053.437789944931865 ], [ 4504978.663884737528861, 9491824.860975071787834 ], [ 4505042.069017664529383, 9493312.999343706294894 ], [ 4505112.292135443538427, 9495212.618528602644801 ], [ 4504900.915569379925728, 9496167.877117943018675 ], [ 4504798.295808111317456, 9496892.8509256914258 ], [ 4504686.253853823058307, 9497684.30374606885016 ], [ 4504503.720390462316573, 9499535.424218276515603 ], [ 4503962.552263198420405, 9500526.887914966791868 ], [ 4503347.232108046300709, 9501612.29833915643394 ], [ 4503073.353544084355235, 9502346.136253451928496 ], [ 4502953.948028118349612, 9503057.094147359952331 ], [ 4502909.575411171652377, 9503659.653376016765833 ], [ 4503027.495368531905115, 9504578.802532250061631 ], [ 4503264.588518081232905, 9505621.512259988114238 ], [ 4503503.655028243549168, 9506324.570670515298843 ], [ 4503865.196355372667313, 9506869.556474050506949 ], [ 4501322.007632673718035, 9510069.566488076001406 ], [ 4499650.376384106464684, 9516956.585223594680429 ], [ 4498687.723944270052016, 9518966.226153900846839 ], [ 4497996.408755740150809, 9528981.467065529897809 ], [ 4497703.758831324055791, 9539537.771635394543409 ], [ 4497922.564971522428095, 9541419.262718800455332 ], [ 4498597.568069787696004, 9543316.408046469092369 ], [ 4499633.962102550081909, 9545339.982009388506413 ], [ 4500798.572255014441907, 9547028.778583660721779 ], [ 4502645.793970301747322, 9548762.931323811411858 ], [ 4504104.92299011349678, 9548238.013387273997068 ], [ 4506821.656795209273696, 9545720.552175918594003 ], [ 4507240.726476705633104, 9544929.672917420044541 ], [ 4507712.272388800978661, 9543643.84476756863296 ], [ 4508718.397204863838851, 9540699.968316271901131 ], [ 4509254.286116596311331, 9538220.278224078938365 ], [ 4509511.005560289137065, 9538149.42330464720726 ], [ 4509921.524457740597427, 9538176.803121713921428 ], [ 4510043.230057024396956, 9538160.1864572186023 ], [ 4510177.339875848032534, 9538158.879887707531452 ], [ 4510315.441500292159617, 9538183.090060340240598 ], [ 4510440.588986912742257, 9538179.157821724191308 ], [ 4510556.596475421451032, 9538168.677861018106341 ], [ 4510643.827096323482692, 9538179.081930946558714 ], [ 4510709.721555704250932, 9538199.194840578362346 ], [ 4510760.195148663595319, 9538227.848311975598335 ], [ 4510806.261825621128082, 9538270.484746849164367 ], [ 4510854.974121597595513, 9538355.499415870755911 ], [ 4510888.086772051639855, 9538445.084635401144624 ], [ 4510934.628783235326409, 9538555.747033396735787 ], [ 4510944.528870829381049, 9538651.303963974118233 ], [ 4510930.6960882646963, 9538725.9334587007761 ], [ 4510922.614738510921597, 9538796.40477205440402 ], [ 4510950.739607859402895, 9538882.141989801079035 ], [ 4510837.857191415503621, 9539066.665788976475596 ], [ 4510813.342747111804783, 9539140.830187525600195 ], [ 4510824.450539861805737, 9539237.401075312867761 ], [ 4510841.931930056773126, 9539333.722622290253639 ], [ 4510874.98279819265008, 9539434.138054640963674 ], [ 4511131.753782809711993, 9539947.66199310310185 ], [ 4511797.226485510356724, 9540507.886628743261099 ], [ 4511990.998430702835321, 9540882.987891921773553 ], [ 4512009.063135029748082, 9541125.934376448392868 ], [ 4511934.31643842253834, 9541353.214235635474324 ], [ 4511638.854249709285796, 9541762.503016477450728 ], [ 4511558.035520157776773, 9541948.306398449465632 ], [ 4511517.045679896138608, 9542192.355271304026246 ], [ 4511498.883125737309456, 9542475.653916796669364 ], [ 4511443.6981579689309, 9542759.791716625913978 ], [ 4511511.650580774992704, 9543319.194302447140217 ], [ 4512296.00192429125309, 9543531.089998567476869 ], [ 4513085.653522721491754, 9542051.856117891147733 ], [ 4513425.249436754733324, 9541404.595516180619597 ], [ 4514129.021832901984453, 9540067.286952765658498 ], [ 4514369.152446076273918, 9539610.83943547308445 ], [ 4514299.583998221904039, 9538918.736300127580762 ], [ 4514815.755222509615123, 9536668.197413068264723 ], [ 4514895.750855745747685, 9536216.602816810831428 ], [ 4514998.554516813717782, 9536073.294563243165612 ], [ 4515295.523637472651899, 9535609.649734448641539 ], [ 4515380.116209083236754, 9535487.103421855717897 ], [ 4515523.422687638550997, 9535282.379596607759595 ], [ 4515580.138187085278332, 9535225.034653892740607 ], [ 4515673.38863209169358, 9535192.571770085021853 ], [ 4515797.910948451608419, 9535182.509688057005405 ], [ 4515891.951650523580611, 9535212.5512979272753 ], [ 4516006.227341714315116, 9535284.035734696313739 ], [ 4516241.467800977639854, 9535446.246347483247519 ], [ 4516321.829675340093672, 9535492.882999671623111 ], [ 4516405.976968985982239, 9535528.393486658111215 ], [ 4516517.968384225852787, 9535584.007520442828536 ], [ 4516645.538850883021951, 9535590.958230122923851 ], [ 4516757.433306846767664, 9535554.875982437282801 ], [ 4516890.637764251790941, 9535506.517556069418788 ], [ 4516969.077039687894285, 9535475.380304476246238 ], [ 4517059.723610484972596, 9535450.302716407924891 ], [ 4517120.132467998191714, 9535436.922703737393022 ], [ 4517212.259699342772365, 9535434.783207520842552 ], [ 4517295.855293592438102, 9535433.758168259635568 ], [ 4517376.252901510335505, 9535450.853558970615268 ], [ 4517441.388718561269343, 9535477.196814170107245 ], [ 4517500.223184515722096, 9535521.762711154296994 ], [ 4517584.767220827750862, 9535619.295047651976347 ], [ 4517647.13685985095799, 9535731.386348372325301 ], [ 4517653.76816191803664, 9535884.68502633087337 ], [ 4517647.700915711000562, 9536030.800722232088447 ], [ 4517560.058857969939709, 9536161.580318830907345 ], [ 4517464.617088788188994, 9536260.031944425776601 ], [ 4517354.194610452279449, 9536391.730942975729704 ], [ 4517231.506616661325097, 9536502.699035966768861 ], [ 4517158.701331974007189, 9536637.775707256048918 ], [ 4517162.167820916511118, 9536764.894545646384358 ], [ 4517207.900094124488533, 9536888.676569590345025 ], [ 4517270.986853308044374, 9536998.726560100913048 ], [ 4517362.535111979581416, 9537086.405394800007343 ], [ 4517465.840156033635139, 9537142.601202828809619 ], [ 4517591.703204340301454, 9537156.346119003370404 ], [ 4517714.121359685435891, 9537114.645223228260875 ], [ 4517800.668033637106419, 9537037.740254081785679 ], [ 4517897.68319250177592, 9536937.571703782305121 ], [ 4517985.853349906392395, 9536819.810673834756017 ], [ 4518084.81715645827353, 9536686.918106824159622 ], [ 4518219.472329468466341, 9536590.121139075607061 ], [ 4518404.549443192780018, 9536491.285282146185637 ], [ 4518572.916610794141889, 9536435.476891212165356 ], [ 4518823.011208950541914, 9536446.185543539002538 ], [ 4519057.547461115755141, 9536496.969994628801942 ], [ 4519314.80814017355442, 9536590.001462034881115 ], [ 4519497.863580625504255, 9536670.263234060257673 ], [ 4519624.913962621241808, 9536748.629034539684653 ], [ 4519732.396381886675954, 9536842.97614399716258 ], [ 4519920.581313155591488, 9537026.439060850068927 ], [ 4520077.215740385465324, 9537085.882585775107145 ], [ 4520193.744426750577986, 9537122.919203294441104 ], [ 4520306.881542189978063, 9537138.560809606686234 ], [ 4520445.195230263285339, 9537120.2707254961133 ], [ 4520573.53513724077493, 9537074.557326201349497 ], [ 4520692.332737466320395, 9537011.491297813132405 ], [ 4520789.327636185102165, 9536910.089269530028105 ], [ 4520891.125859611667693, 9536802.149544047191739 ], [ 4521057.105335454456508, 9536609.802173364907503 ], [ 4521184.277500973083079, 9536506.443395771086216 ], [ 4521339.007474354468286, 9536337.231657408177853 ], [ 4521414.09503124281764, 9536234.946091342717409 ], [ 4521431.722138651646674, 9536155.904741074889898 ], [ 4521422.016748847439885, 9536045.618657132610679 ], [ 4521369.428864798508584, 9535983.019116694107652 ], [ 4521321.505044776014984, 9535932.771257132291794 ], [ 4521239.290702766738832, 9535911.066661844030023 ], [ 4521148.461122727021575, 9535908.502587378025055 ], [ 4520887.940675022080541, 9535940.515391133725643 ], [ 4520734.090570895001292, 9535865.192160379141569 ], [ 4520641.32258456107229, 9535738.404725311324 ], [ 4520641.700848191976547, 9535597.599759278818965 ], [ 4520663.042909647338092, 9535521.24783892929554 ], [ 4520743.056020044721663, 9535434.340031828731298 ], [ 4520836.180674025788903, 9535369.359827807173133 ], [ 4521000.25692053604871, 9535295.33205103687942 ], [ 4521164.682153647765517, 9535280.482063766568899 ], [ 4521312.595700649544597, 9535260.1488544549793 ], [ 4521441.658961677923799, 9535277.316555729135871 ], [ 4521565.132759753614664, 9535306.970406636595726 ], [ 4521701.971353255212307, 9535364.621282294392586 ], [ 4521858.134899038821459, 9535396.981724623590708 ], [ 4521997.706719998270273, 9535421.875596571713686 ], [ 4522165.59988920763135, 9535441.535905042663217 ], [ 4522298.144667310640216, 9535444.249446934089065 ], [ 4522438.998888803645968, 9535450.714870730414987 ], [ 4522579.960867563262582, 9535459.231950087472796 ], [ 4522713.173339973203838, 9535478.242454508319497 ], [ 4522819.703643633052707, 9535492.238564779981971 ], [ 4522903.69308624137193, 9535503.06387959048152 ], [ 4523021.147394172847271, 9535534.976300461217761 ], [ 4523096.911996204406023, 9535544.10168444737792 ], [ 4523177.620296820998192, 9535524.453342759981751 ], [ 4523217.809082026593387, 9535486.089845502749085 ], [ 4523260.886051420122385, 9535443.512731548398733 ], [ 4523282.240135380998254, 9535392.656614938750863 ], [ 4523302.233115927316248, 9535333.69112185575068 ], [ 4523331.078667659312487, 9535267.225677417591214 ], [ 4523368.965699753724039, 9535221.797482721507549 ], [ 4523414.320822526700795, 9535185.257540374994278 ], [ 4523468.568814140744507, 9535166.694894647225738 ], [ 4523530.540931263007224, 9535162.110026696696877 ], [ 4523595.31329017598182, 9535176.782240275293589 ], [ 4523664.795688063837588, 9535206.561839174479246 ], [ 4523723.122759778983891, 9535237.829549701884389 ], [ 4523782.078341339714825, 9535308.847352333366871 ], [ 4523848.607878415845335, 9535412.310585387051105 ], [ 4523924.352108979597688, 9535597.781726209446788 ], [ 4523949.614063664339483, 9535667.124504437670112 ], [ 4523988.607388857752085, 9535748.139896471053362 ], [ 4524179.536345575004816, 9535975.201415361836553 ], [ 4524279.43133966717869, 9536072.474353302270174 ], [ 4524403.006104521453381, 9536152.740665169432759 ], [ 4524484.959179684519768, 9536183.663467219099402 ], [ 4524585.484353413805366, 9536184.848697124049067 ], [ 4524655.161003813147545, 9536175.886737095192075 ], [ 4524732.381219507195055, 9536155.450569909065962 ], [ 4524795.736592621542513, 9536084.432846440002322 ], [ 4524803.41452054027468, 9536022.362209523096681 ], [ 4524791.206557262688875, 9535908.206421842798591 ], [ 4524804.970767022110522, 9535722.21979183703661 ], [ 4524814.421123873442411, 9535588.642195124179125 ], [ 4524840.966592286713421, 9535498.443077921867371 ], [ 4524873.651107979007065, 9535384.850516870617867 ], [ 4524910.90740383695811, 9535296.012442674487829 ], [ 4524939.370016521774232, 9535209.293799184262753 ], [ 4524942.708376730792224, 9535161.050617100670934 ], [ 4524951.76811348926276, 9535078.715375239029527 ], [ 4524952.32983164023608, 9535005.646807231009007 ], [ 4524931.473123163916171, 9534931.686191054061055 ], [ 4524869.635813944973052, 9534813.095832156017423 ], [ 4524801.514964750036597, 9534714.348735040053725 ], [ 4524750.254899587482214, 9534636.28939344547689 ], [ 4524730.134792182594538, 9534580.129189491271973 ], [ 4524716.835341298021376, 9534516.528695283457637 ], [ 4524739.232934164814651, 9534455.033305782824755 ], [ 4524792.156223838217556, 9534432.890665678307414 ], [ 4524843.90420232899487, 9534428.155355775728822 ], [ 4524905.901366336271167, 9534435.114570779725909 ], [ 4524505.191942414268851, 9531680.628468403592706 ], [ 4524223.139299563132226, 9529710.732612937688828 ], [ 4524280.695929082110524, 9529680.023373471572995 ], [ 4524263.491835738532245, 9529608.631908705458045 ], [ 4524246.929276620969176, 9529561.341279497370124 ], [ 4524203.569555720314384, 9529575.566855058073997 ], [ 4524201.772970457561314, 9529563.109902428463101 ], [ 4524243.436404958367348, 9529549.655616033822298 ], [ 4524237.418695924803615, 9529531.084090888500214 ], [ 4524213.79903768748045, 9529504.658061020076275 ], [ 4524189.331124930642545, 9529477.472334645688534 ], [ 4524179.293669085018337, 9529407.143288491293788 ], [ 4524167.614250750280917, 9529328.676677444949746 ], [ 4524510.740105835720897, 9529241.536740532144904 ], [ 4524694.049577366560698, 9529218.772847831249237 ], [ 4525068.10889255348593, 9529320.858272777870297 ], [ 4525181.251351327635348, 9529328.007800698280334 ], [ 4525284.842597792856395, 9529307.403406511992216 ], [ 4525369.6035957923159, 9529270.721659727394581 ], [ 4525474.937103606760502, 9529188.325168741866946 ], [ 4525565.669613051228225, 9529081.49587456882 ], [ 4525597.967850109562278, 9529049.463393732905388 ], [ 4526070.833343449048698, 9528408.9846904091537 ], [ 4526356.196850596927106, 9528224.163409689441323 ], [ 4526607.778343191370368, 9528152.25775720924139 ], [ 4527347.265928166918457, 9528034.642252571880817 ], [ 4527537.257129493169487, 9527983.175718022510409 ], [ 4527652.144521286711097, 9527908.706144936382771 ], [ 4527723.252406379207969, 9527834.099079713225365 ], [ 4527793.375893214717507, 9527742.050168981775641 ], [ 4528018.999684307724237, 9527061.383616769686341 ], [ 4528139.90088895149529, 9526871.844480507075787 ], [ 4528222.598802828229964, 9526818.633072873577476 ], [ 4528567.62365710735321, 9526721.706621330231428 ], [ 4529064.481283700093627, 9526642.308336354792118 ], [ 4529604.470537557266653, 9526718.553022906184196 ], [ 4530111.673195749521255, 9526758.534204309806228 ], [ 4530975.102009342052042, 9526897.296737579628825 ], [ 4531030.440931966528296, 9526919.36079840734601 ], [ 4531114.487704112194479, 9527054.988108526915312 ], [ 4531251.341659705154598, 9527222.25278764218092 ], [ 4531534.402523183263838, 9527434.33910577557981 ], [ 4531619.467979990877211, 9527454.27896598353982 ], [ 4531734.448546197265387, 9527441.28257143497467 ], [ 4531898.932222042232752, 9527365.046999907121062 ], [ 4532032.065991570241749, 9527271.765532679855824 ], [ 4532076.040418700315058, 9527253.42602077499032 ], [ 4533159.872807185165584, 9526610.408779211342335 ], [ 4533189.747507609426975, 9526593.294181304052472 ], [ 4533291.662059903144836, 9526526.867814037948847 ], [ 4533917.601537879556417, 9526045.348008159548044 ], [ 4533879.525040012784302, 9525977.567031199112535 ], [ 4533813.112945000641048, 9526028.370680538937449 ], [ 4533822.008262870833278, 9526044.372756419703364 ], [ 4533750.577551255002618, 9526084.196773715317249 ], [ 4533747.445800020359457, 9526078.604798097163439 ], [ 4533159.226486220955849, 9526528.548194577917457 ], [ 4533127.177048224955797, 9526547.764809131622314 ], [ 4532049.111232001334429, 9527191.742637909948826 ], [ 4532004.386734143830836, 9527216.634131543338299 ], [ 4531808.449736175127327, 9527337.884359274059534 ], [ 4531720.475946351885796, 9527371.26546105183661 ], [ 4531627.876163769513369, 9527378.009663200005889 ], [ 4531550.140872792340815, 9527357.503142366185784 ], [ 4531298.228761308826506, 9527166.634590748697519 ], [ 4531175.707635435275733, 9527023.773830818012357 ], [ 4531124.554770942777395, 9526920.436676675453782 ], [ 4531062.552152280695736, 9526853.75961303897202 ], [ 4530987.15301213786006, 9526830.345458606258035 ], [ 4530134.110307035967708, 9526690.822142940014601 ], [ 4529598.31278860475868, 9526646.225036397576332 ], [ 4529062.063980957493186, 9526575.01189049705863 ], [ 4528696.785658523440361, 9526624.270142050459981 ], [ 4528403.524033504538238, 9526678.911067489534616 ], [ 4528232.252985667437315, 9526733.886991865932941 ], [ 4528091.321842405945063, 9526820.753814417868853 ], [ 4527948.555040741339326, 9527022.211545253172517 ], [ 4527732.137482856400311, 9527703.21206477470696 ], [ 4527667.964913358911872, 9527785.124820237979293 ], [ 4527606.358258126303554, 9527853.561172854155302 ], [ 4527509.393526989035308, 9527920.573724281042814 ], [ 4527125.704073973931372, 9527994.389776485040784 ], [ 4526489.476782616227865, 9528097.406719231978059 ], [ 4526307.722110413014889, 9528162.528051041066647 ], [ 4526005.690067993476987, 9528356.358854664489627 ], [ 4525513.897812188602984, 9529016.313708439469337 ], [ 4525404.002431642264128, 9529133.472847025841475 ], [ 4525260.389824486337602, 9529239.380369188264012 ], [ 4525177.661743028089404, 9529255.170159017667174 ], [ 4525091.01554945204407, 9529254.662776486948133 ], [ 4524841.304001662880182, 9529171.007408266887069 ], [ 4524689.853945758193731, 9529144.13786275871098 ], [ 4524500.179671022109687, 9529168.216317158192396 ], [ 4524152.958371869288385, 9529253.910558506846428 ], [ 4524145.410019838251173, 9529175.392257345840335 ], [ 4524081.607365009374917, 9528730.380046803504229 ], [ 4523864.719370956532657, 9528784.571608517318964 ], [ 4523693.92076303716749, 9528919.051551271229982 ], [ 4523411.313971760682762, 9529090.855920752510428 ], [ 4522581.050240101292729, 9529465.465909717604518 ], [ 4522443.525361938402057, 9529478.701239429414272 ], [ 4522333.689982595853508, 9529461.015502145513892 ], [ 4522155.727408847771585, 9529403.452444678172469 ], [ 4521884.488563970662653, 9529315.569517765194178 ], [ 4521585.093791606836021, 9529247.623759228736162 ], [ 4521179.329572246409953, 9529157.309818867594004 ], [ 4521313.025171245448291, 9528567.940161630511284 ], [ 4521598.998597881756723, 9527905.875970307737589 ], [ 4523059.643455200828612, 9526290.156861267983913 ], [ 4524373.529816554859281, 9525347.153545862063766 ], [ 4524163.251751225441694, 9524956.225757436826825 ], [ 4524102.349303090944886, 9524883.038095891475677 ], [ 4523991.293639490380883, 9524813.038558721542358 ], [ 4523908.739773035049438, 9524775.623744951561093 ], [ 4523816.146113024093211, 9524709.628357825800776 ], [ 4523715.684614043682814, 9524621.317911872640252 ], [ 4523674.537368022836745, 9524557.409671062603593 ], [ 4523658.627475079149008, 9524527.366547886282206 ], [ 4523651.803033695556223, 9524489.006323141977191 ], [ 4523627.736427702941, 9524368.235029760748148 ], [ 4523581.3817672226578, 9524245.60246978327632 ], [ 4523526.581964892335236, 9524110.447410464286804 ], [ 4523459.93454047665, 9523967.395275363698602 ], [ 4523421.062553528696299, 9523906.481850441545248 ], [ 4523371.512467063963413, 9523838.906203862279654 ], [ 4523338.811364768072963, 9523791.895754067227244 ], [ 4523240.732214209623635, 9523650.81735560297966 ], [ 4523201.308750503696501, 9523614.502035899087787 ], [ 4523168.800230926834047, 9523573.277216207236052 ], [ 4523158.727486803196371, 9523545.520177606493235 ], [ 4523158.947231478057802, 9523541.773841995745897 ], [ 4523145.783033774234354, 9523530.237899469211698 ], [ 4523190.009710868820548, 9522873.65846979059279 ], [ 4523271.433907131664455, 9521786.369494996964931 ], [ 4523325.493546167388558, 9521180.311296654865146 ], [ 4523366.666729629971087, 9520842.091877741739154 ], [ 4523388.838232611306012, 9520515.456864541396499 ], [ 4523430.83061620593071, 9519892.048144219443202 ], [ 4523359.328214838169515, 9519845.748866582289338 ], [ 4523242.496294180862606, 9519763.583834579214454 ], [ 4523099.042094660922885, 9519652.464875921607018 ], [ 4522988.800844454206526, 9519538.627489356324077 ], [ 4522847.426649620756507, 9519294.098529543727636 ], [ 4522620.485392353497446, 9519101.779491171240807 ], [ 4522424.699788891710341, 9518969.809329323470592 ], [ 4522084.849064545705914, 9518772.979513984173536 ], [ 4520728.054716784507036, 9517905.674746168777347 ], [ 4520887.719037914648652, 9517608.734628539532423 ], [ 4520948.519962674938142, 9517483.354995606467128 ], [ 4520549.949654087424278, 9517082.094606336206198 ], [ 4520600.795610743574798, 9516971.554520843550563 ], [ 4520495.999108152464032, 9516776.221884259954095 ], [ 4519519.175140541046858, 9515257.139384504407644 ], [ 4519139.036445321515203, 9514695.634281769394875 ], [ 4519011.675259307958186, 9514492.463339559733868 ], [ 4519036.177235829643905, 9514447.800820991396904 ], [ 4518501.037392949685454, 9513735.101335439831018 ], [ 4518722.259277418255806, 9513555.253006329759955 ], [ 4517951.761310572735965, 9512589.52753047645092 ], [ 4517161.803806181997061, 9512751.264032589271665 ], [ 4517055.961234335787594, 9513392.791211610659957 ], [ 4516387.190023803152144, 9513519.331085180863738 ], [ 4516122.776399545371532, 9513754.226227797567844 ], [ 4516177.958695646375418, 9513931.206450331956148 ], [ 4515581.457879648543894, 9514625.375986143946648 ], [ 4515571.529516904614866, 9514075.052281612530351 ], [ 4515516.761774587444961, 9513231.019479461014271 ], [ 4515425.286318861879408, 9512521.159790044650435 ], [ 4515433.297203376889229, 9512287.393617935478687 ], [ 4515419.652216793037951, 9512045.592178964987397 ], [ 4515406.423119828104973, 9511925.813629545271397 ], [ 4515374.464629855006933, 9511637.045915745198727 ], [ 4515276.65843468811363, 9509420.889260387048125 ], [ 4515698.025416515767574, 9509367.146693794056773 ], [ 4515955.373704013414681, 9509305.517889162525535 ], [ 4516207.269340210594237, 9509173.97931531816721 ], [ 4516345.224913482554257, 9508983.855122467502952 ], [ 4516624.414085073396564, 9508686.065575730055571 ], [ 4516782.487094083800912, 9508514.577251397073269 ], [ 4516891.36212017852813, 9508325.626705268397927 ], [ 4516986.071963708847761, 9508268.377052774652839 ], [ 4517134.875064761377871, 9508228.414004571735859 ], [ 4517329.027945250272751, 9508204.221211003139615 ], [ 4517344.946075837127864, 9508253.995440050959587 ], [ 4517475.534191250801086, 9508587.807806355878711 ], [ 4517565.403752001933753, 9508681.34231741540134 ], [ 4517517.414253479801118, 9508301.96854230388999 ], [ 4517475.269918779842556, 9508157.945040743798018 ], [ 4517226.021794030442834, 9507386.630609378218651 ], [ 4516955.008148483932018, 9506615.638517724350095 ], [ 4517016.29809976555407, 9506595.000369084998965 ], [ 4517740.715586035512388, 9506343.20584580488503 ], [ 4517605.820742162875831, 9505732.921184282749891 ], [ 4517954.217909095808864, 9505713.526224786415696 ], [ 4518059.544960380531847, 9505197.058198874816298 ], [ 4518129.216378763318062, 9505193.689150258898735 ], [ 4518152.184595339931548, 9505192.576344434171915 ], [ 4518208.362310327589512, 9505189.843779997900128 ], [ 4518372.406274184584618, 9505139.516709830611944 ], [ 4518487.857833156362176, 9505131.220183396711946 ], [ 4518525.931102758273482, 9505128.471029940992594 ], [ 4518643.428713971748948, 9505139.193539153784513 ], [ 4518620.521166517399251, 9505263.039077805355191 ], [ 4518605.402198555879295, 9505337.668287264183164 ], [ 4518598.157860053703189, 9505446.601991333067417 ], [ 4518607.731002302840352, 9505684.122371591627598 ], [ 4518620.235854662023485, 9505994.369202515110373 ], [ 4518623.072609246708453, 9506125.367746567353606 ], [ 4518611.481578587554395, 9506188.842166202142835 ], [ 4518619.538438051939011, 9506191.266177223995328 ], [ 4518683.113444522954524, 9506216.541675532236695 ], [ 4518698.040831641294062, 9506222.555906426161528 ], [ 4518708.927877840586007, 9506225.331447411328554 ], [ 4518716.543244204483926, 9506230.080062814056873 ], [ 4518719.139771327376366, 9506239.645062789320946 ], [ 4518708.154318697750568, 9506335.438825253397226 ], [ 4518698.959217440336943, 9506422.539919417351484 ], [ 4518698.873056153766811, 9506423.288928994908929 ], [ 4518691.34262655954808, 9506470.873138274997473 ], [ 4518686.355179414153099, 9506505.911274636164308 ], [ 4518652.563257427886128, 9506661.236289754509926 ], [ 4518658.853142616339028, 9506661.960919359698892 ], [ 4518742.048209338448942, 9506670.971932284533978 ], [ 4518740.75000143609941, 9506706.304965674877167 ], [ 4518740.015738075599074, 9506716.378193030133843 ], [ 4518739.586378799751401, 9506721.312257057055831 ], [ 4518736.150057438760996, 9506748.645694522187114 ], [ 4518733.718617120757699, 9506753.567837925627828 ], [ 4518685.030700112693012, 9506744.373677706345916 ], [ 4518677.575745133683085, 9506841.755999963730574 ], [ 4518680.363630460575223, 9506847.98184890113771 ], [ 4518704.195574967190623, 9506853.14734223484993 ], [ 4518683.18480031657964, 9506980.301715319976211 ], [ 4518666.708847762085497, 9507131.627940397709608 ], [ 4518660.651063712313771, 9507187.476910050958395 ], [ 4518686.078773117624223, 9507191.78606534563005 ], [ 4518676.793503071181476, 9507249.560573825612664 ], [ 4518673.101035561412573, 9507274.016500448808074 ], [ 4518650.306254751048982, 9507274.401826011016965 ], [ 4518631.673264424316585, 9507335.304561499506235 ], [ 4518619.445263639092445, 9507415.944701468572021 ], [ 4518617.483925530686975, 9507538.214041877537966 ], [ 4518616.48371990583837, 9507600.59732791595161 ], [ 4518611.783143087290227, 9507723.633036132901907 ], [ 4518604.852391590364277, 9507834.082404237240553 ], [ 4518625.906246883794665, 9508069.37765945494175 ], [ 4518622.538832288235426, 9508102.493759769946337 ], [ 4518629.496523101814091, 9508103.00507721118629 ], [ 4518624.669932619668543, 9508136.879355968907475 ], [ 4518623.233465909957886, 9508146.866331672295928 ], [ 4518622.331889354623854, 9508149.909586036577821 ], [ 4518620.644953791052103, 9508164.078823201358318 ], [ 4518621.053162363357842, 9508171.893820306286216 ], [ 4518620.384577501565218, 9508176.675426943227649 ], [ 4518722.457537431269884, 9508173.668776825070381 ], [ 4518726.21980226226151, 9508156.129057822749019 ], [ 4518735.372156836092472, 9508116.392570378258824 ], [ 4518765.484079096466303, 9508123.053216701373458 ], [ 4518870.65973587334156, 9508130.617053139954805 ], [ 4518903.967195434495807, 9508163.392213245853782 ], [ 4518906.83378364238888, 9508422.508853664621711 ], [ 4518897.004049966111779, 9508454.676120303571224 ], [ 4518899.028060948476195, 9508480.606630317866802 ], [ 4518902.06363214366138, 9508485.448695965111256 ], [ 4518901.8644815729931, 9508498.9758530408144 ], [ 4518901.738133952021599, 9508501.614908628165722 ], [ 4518905.309597175568342, 9508523.77683368884027 ], [ 4518906.421901526860893, 9508538.64956902526319 ], [ 4518866.326402054168284, 9508533.278718367218971 ], [ 4518856.236626048572361, 9508569.396021228283644 ], [ 4518851.397011185996234, 9508579.847954856231809 ], [ 4518814.995092418044806, 9508658.543362522497773 ], [ 4518814.952345734462142, 9508658.638154584914446 ], [ 4518814.787258929572999, 9508659.740339586511254 ], [ 4518812.050580567680299, 9508672.69466214813292 ], [ 4518814.496158461086452, 9508685.998571770265698 ], [ 4518798.176832430064678, 9508700.434304280206561 ], [ 4518790.867149386554956, 9508699.867366522550583 ], [ 4518765.221699056215584, 9508702.419495742768049 ], [ 4518737.49379501119256, 9508697.782968191429973 ], [ 4518682.042105743661523, 9508684.570452598854899 ], [ 4518660.930475634522736, 9508685.820154245942831 ], [ 4518608.600518845953047, 9508691.711051324382424 ], [ 4518580.518396181054413, 9508692.146317729726434 ], [ 4518582.400920090265572, 9508738.852429101243615 ], [ 4518601.597187040373683, 9508788.845207152888179 ], [ 4518620.865589021705091, 9508826.760753948241472 ], [ 4518549.223481692373753, 9508850.284586939960718 ], [ 4518528.632938119582832, 9508824.613208530470729 ], [ 4518534.336948827840388, 9508819.41770438477397 ], [ 4518530.091000810265541, 9508814.57774705812335 ], [ 4518502.639057783409953, 9508783.28613692894578 ], [ 4518498.135739102959633, 9508787.081003732979298 ], [ 4518497.257762278430164, 9508786.09099311567843 ], [ 4518452.367732338607311, 9508825.852286837995052 ], [ 4518404.319568444043398, 9508864.668972739949822 ], [ 4518271.466880629770458, 9508976.582811962813139 ], [ 4518282.590035469271243, 9508996.110882448032498 ], [ 4518251.193263647146523, 9509117.800365706905723 ], [ 4518189.284598634578288, 9509188.319688206538558 ], [ 4518230.751888192258775, 9509247.931216878816485 ], [ 4518255.989575227722526, 9509269.897573184221983 ], [ 4518274.090347069315612, 9509277.092787206172943 ], [ 4518282.706141699105501, 9509281.174138806760311 ], [ 4518452.074850757606328, 9509309.209664879366755 ], [ 4518490.371204620227218, 9509313.74711805395782 ], [ 4518496.664429392665625, 9509314.495135799050331 ], [ 4518524.31507771089673, 9509317.737585864961147 ], [ 4518569.768606913276017, 9509323.080982675775886 ], [ 4518683.53144920989871, 9509341.65524635091424 ], [ 4518760.0180694591254, 9509353.272692119702697 ], [ 4518804.030679172836244, 9509360.980958063155413 ], [ 4519083.73269965685904, 9509403.794479476287961 ], [ 4519125.329899059608579, 9509408.171738894656301 ], [ 4519168.904243938624859, 9509424.031242867931724 ], [ 4519220.369916199706495, 9509472.697475658729672 ], [ 4519239.891570022329688, 9509505.802497580647469 ], [ 4519369.47680814191699, 9509453.71924128010869 ], [ 4519377.052433449774981, 9509446.44203126244247 ], [ 4519501.270068363286555, 9509318.671309946104884 ], [ 4519245.156981936655939, 9508967.053060453385115 ], [ 4519136.55368671938777, 9508837.463949294760823 ], [ 4519051.603334265761077, 9508736.032009253278375 ], [ 4519052.817829910665751, 9508157.765857510268688 ], [ 4519052.331920333206654, 9507290.070624956861138 ], [ 4519138.503558920696378, 9506642.909754103049636 ], [ 4519184.983899105340242, 9506486.229643231257796 ], [ 4520524.31244139932096, 9505328.628085657954216 ], [ 4520285.468124940060079, 9504577.240794591605663 ], [ 4520568.65166249871254, 9504516.431925101205707 ], [ 4520708.899638045579195, 9504466.439542984589934 ], [ 4520716.997908361256123, 9504544.407267488539219 ], [ 4520754.231829003430903, 9504533.107118858024478 ], [ 4521089.5376011794433, 9504410.728111550211906 ], [ 4521073.921925650909543, 9504324.216602548956871 ], [ 4521445.155952162109315, 9504006.292188132181764 ], [ 4521609.988169332966208, 9503729.169644037261605 ], [ 4521677.29716548230499, 9503579.09194097109139 ], [ 4521705.28767220582813, 9503281.692980721592903 ], [ 4521669.413741783238947, 9502942.429006805643439 ], [ 4521587.601819734089077, 9502775.073132716119289 ], [ 4521516.944333300925791, 9502651.3529630061239 ], [ 4521547.278894542716444, 9502630.271785376593471 ], [ 4521818.101738482713699, 9503018.851726686581969 ], [ 4521978.855988747440279, 9503268.441550359129906 ], [ 4522188.277339274063706, 9503590.699389159679413 ], [ 4522236.091064321808517, 9503659.810385888442397 ], [ 4522331.728867126628757, 9503790.811816859990358 ], [ 4522423.647374426014721, 9503916.679060881957412 ], [ 4522594.765691922977567, 9504149.580099267885089 ], [ 4522642.442493995651603, 9504208.892412327229977 ], [ 4522688.755409667268395, 9504256.450020158663392 ], [ 4522763.070075331255794, 9504318.51440392062068 ], [ 4522776.771500896662474, 9504335.517455039545894 ], [ 4522805.641654236242175, 9504327.461692877113819 ], [ 4522814.868815509602427, 9504320.39766027405858 ], [ 4522883.107886005192995, 9504292.487053196877241 ], [ 4522906.712738748639822, 9504326.345649486407638 ], [ 4522937.120102937333286, 9504316.059630896896124 ], [ 4522990.53141725808382, 9504293.671610787510872 ], [ 4523135.065638478845358, 9504236.910139197483659 ], [ 4523319.323886029422283, 9504164.514217384159565 ], [ 4524139.916848245076835, 9503848.992171853780746 ], [ 4524685.894088831730187, 9503639.620761519297957 ], [ 4525371.845347696915269, 9503380.703470891341567 ], [ 4525554.968581720255315, 9503304.413594810292125 ], [ 4526033.778981146402657, 9503128.336132558062673 ], [ 4526144.804143206216395, 9503099.998169945552945 ], [ 4526224.826493121683598, 9503081.958539927378297 ], [ 4526304.471247323788702, 9503067.730212269350886 ], [ 4526733.312553723342717, 9503020.3651127461344 ], [ 4527333.62962450273335, 9502963.762566972523928 ], [ 4527361.516715419478714, 9502990.527956753969193 ], [ 4527433.361201583407819, 9504187.197962906211615 ], [ 4527446.437679528258741, 9504366.93937567435205 ], [ 4527459.159382255747914, 9504366.246386693790555 ], [ 4527468.404243326745927, 9504512.558113427832723 ], [ 4527474.603069171309471, 9504549.737449301406741 ], [ 4527497.595219438895583, 9504610.841979695484042 ], [ 4527513.80122222751379, 9504634.628715999424458 ], [ 4527501.626877435483038, 9504635.625152658671141 ], [ 4527598.023545211181045, 9504711.097526961937547 ], [ 4528328.386048886924982, 9505016.221290765330195 ], [ 4528351.536829428747296, 9505373.987036183476448 ], [ 4528341.481117186136544, 9505375.595415534451604 ], [ 4528397.892825744114816, 9505847.328438859432936 ], [ 4529021.382384366355836, 9505780.557592852041125 ], [ 4529740.048549144528806, 9505751.677847128361464 ], [ 4530380.985545517876744, 9506172.524182872846723 ], [ 4530386.311626555398107, 9506763.504824571311474 ], [ 4530389.293319116346538, 9507057.998354304581881 ], [ 4531017.799379272386432, 9507454.081635918468237 ], [ 4531622.226365652866662, 9507208.229219587519765 ], [ 4531638.14594339299947, 9506709.573998732492328 ], [ 4532488.62518326099962, 9506750.184026243165135 ], [ 4533122.777479309588671, 9506753.646247455850244 ], [ 4533483.302348166704178, 9506753.2640659250319 ], [ 4533949.89142597746104, 9506747.857705326750875 ], [ 4534533.360291826538742, 9506319.477997390553355 ], [ 4535121.00152350962162, 9505891.803660104051232 ], [ 4534851.699081175029278, 9505248.161560323089361 ], [ 4535473.620704769156873, 9504970.30994045175612 ], [ 4536533.893436224199831, 9504494.904460296034813 ], [ 4536803.679450426250696, 9504375.747868470847607 ], [ 4536898.631413849070668, 9504332.759267766028643 ], [ 4536873.901788968592882, 9504101.229288518428802 ], [ 4536980.525378363206983, 9504136.224262924864888 ], [ 4537137.292164467275143, 9504187.487349830567837 ], [ 4537304.038854241371155, 9504242.441493367776275 ], [ 4538062.200172477401793, 9504489.902392292395234 ], [ 4537930.527805224992335, 9503324.044058727100492 ], [ 4543490.944830629043281, 9502722.678301280364394 ], [ 4543564.426603863015771, 9503204.879976857453585 ], [ 4545839.908537807874382, 9502917.692776223644614 ], [ 4545834.542381754145026, 9502847.281988708302379 ], [ 4545761.117826738394797, 9501879.835524132475257 ], [ 4543896.957960370928049, 9502095.990047860890627 ], [ 4543772.923557340167463, 9502232.711498141288757 ], [ 4543791.53038758598268, 9502365.211376121267676 ], [ 4537653.339267523027956, 9503090.626078547909856 ], [ 4536629.089523290283978, 9502232.391314627602696 ], [ 4536066.859748367220163, 9502253.425637874752283 ], [ 4535680.881010022945702, 9501957.63017344288528 ], [ 4535166.937956662848592, 9501591.986143475398421 ], [ 4534089.233149548061192, 9500819.598917217925191 ], [ 4533370.819346056319773, 9500308.178105857223272 ], [ 4533229.523631462827325, 9500206.612861782312393 ], [ 4532784.417211624793708, 9499886.745038192719221 ], [ 4532563.404941757209599, 9499730.722114011645317 ], [ 4531961.754374796524644, 9499308.740463832393289 ], [ 4531795.317153207026422, 9499492.218676852062345 ], [ 4531455.637638236396015, 9499869.917403446510434 ], [ 4530913.044510170817375, 9500461.46256154589355 ], [ 4530431.926902978681028, 9500989.44118987955153 ], [ 4529967.537275668233633, 9501520.936337457969785 ], [ 4529572.29285950679332, 9501984.492679128423333 ], [ 4529054.817193426191807, 9502591.403212876990438 ], [ 4529039.765239797532558, 9502650.935454243794084 ], [ 4529037.62567918561399, 9502689.920344166457653 ], [ 4528632.981222583912313, 9502728.284239303320646 ], [ 4528241.927651292644441, 9502770.785095848143101 ], [ 4527771.138823052868247, 9502821.947189290076494 ], [ 4527338.381519607268274, 9502860.314656181260943 ], [ 4527255.062999568879604, 9502869.443298429250717 ], [ 4527233.818342668004334, 9502874.333934644237161 ], [ 4526686.125112131237984, 9502929.183403013274074 ], [ 4526395.759018387645483, 9502959.968233978375793 ], [ 4526286.352441724389791, 9502973.941779645159841 ], [ 4526202.490905210375786, 9502988.554231556132436 ], [ 4526080.078983757644892, 9503016.573084808886051 ], [ 4526005.662794718518853, 9503036.847340384498239 ], [ 4525895.11741966381669, 9503070.589888442307711 ], [ 4525850.784655094146729, 9503085.936145024374127 ], [ 4525660.003641979768872, 9503110.09531744197011 ], [ 4524880.574289750307798, 9503176.562726752832532 ], [ 4524458.073073629289865, 9503258.049377953633666 ], [ 4524059.306508779525757, 9503337.066966369748116 ], [ 4523476.567453511990607, 9503474.659243240952492 ], [ 4522990.134117995388806, 9503604.038882043212652 ], [ 4522484.403214791789651, 9503776.268295288085938 ], [ 4522422.256326069124043, 9503692.371194722130895 ], [ 4522402.359302924014628, 9503671.150400754064322 ], [ 4522372.659374099224806, 9503630.345273593440652 ], [ 4521981.538788475096226, 9503113.465707492083311 ], [ 4521763.648251087404788, 9502818.563704429194331 ], [ 4521601.393970684148371, 9502602.537299931049347 ], [ 4521563.276507245376706, 9502551.295838594436646 ], [ 4521395.601635556668043, 9502321.800659624859691 ], [ 4521377.660273225978017, 9502294.167022362351418 ], [ 4521230.95164839271456, 9502072.624147642403841 ], [ 4521090.947462530806661, 9501856.727198828011751 ], [ 4520923.677237192168832, 9501635.843809517100453 ], [ 4520887.502298867329955, 9501590.954073475673795 ], [ 4520654.61068085860461, 9501274.294464511796832 ], [ 4520434.595388350076973, 9500978.167482886463404 ], [ 4520304.782056592404842, 9500807.743871470913291 ], [ 4520153.277120178565383, 9500595.386041056364775 ], [ 4520105.995279659517109, 9500540.123565647751093 ], [ 4519818.341151351109147, 9500144.71300857141614 ], [ 4519658.347769806161523, 9499931.033325525000691 ], [ 4519427.849743489176035, 9499623.160188803449273 ], [ 4519416.680279741063714, 9499608.550808982923627 ], [ 4519279.956345315091312, 9499422.965605953708291 ], [ 4519118.158474823459983, 9499209.858375953510404 ], [ 4519087.317966497503221, 9499148.511385500431061 ], [ 4519073.661180046387017, 9499119.477723622694612 ], [ 4519055.779373643919826, 9499095.200708858668804 ], [ 4519055.756107870489359, 9499095.201746268197894 ], [ 4519037.992077487520874, 9499077.29813027754426 ], [ 4518995.295598112978041, 9499034.378861820325255 ], [ 4518960.002644113264978, 9498988.25015252456069 ], [ 4518827.077264672145247, 9498818.440962780267 ], [ 4518340.064845163375139, 9498166.767764596268535 ], [ 4518336.563290580175817, 9498176.218898415565491 ], [ 4518291.590438939630985, 9498119.242076998576522 ], [ 4518283.360922942869365, 9498110.566635293886065 ], [ 4518140.268066490069032, 9497960.517539566382766 ], [ 4518125.421386003494263, 9497946.244294440373778 ], [ 4518134.713669178076088, 9497939.16667578369379 ], [ 4517979.854899144731462, 9497792.897219035774469 ], [ 4517788.291866608895361, 9497629.068973667919636 ], [ 4517665.258003160357475, 9497530.599604247137904 ], [ 4517630.967703813686967, 9497496.303218085318804 ], [ 4517530.010721779428422, 9497416.14396052993834 ], [ 4517619.897537051700056, 9497291.814459770917892 ], [ 4517646.838523616082966, 9497275.09127669967711 ], [ 4517760.472012665122747, 9497261.183712812140584 ], [ 4517928.287258230149746, 9497236.946273930370808 ], [ 4517979.229172287508845, 9497231.588680163025856 ], [ 4518055.879543506540358, 9497211.254596568644047 ], [ 4518096.64284860342741, 9497204.211939884349704 ], [ 4518151.907855086959898, 9497191.348388185724616 ], [ 4518211.663935104385018, 9497187.285686625167727 ], [ 4518319.74792489875108, 9497179.923099331557751 ], [ 4518504.154116053134203, 9497148.742383513599634 ], [ 4518532.92975914478302, 9497149.93066967651248 ], [ 4518586.581189608201385, 9497139.735217213630676 ], [ 4518861.463076140731573, 9497096.326535742729902 ], [ 4519030.08906155731529, 9497074.496804244816303 ], [ 4519109.573627013713121, 9497057.690648281946778 ], [ 4519125.934029935859144, 9497051.303857984021306 ], [ 4519142.503824821673334, 9497048.375835608690977 ], [ 4519159.273549512028694, 9497040.041103269904852 ], [ 4519184.939927906729281, 9497037.908547967672348 ], [ 4519236.008189586922526, 9497027.673069320619106 ], [ 4519245.034641816280782, 9497029.611423134803772 ], [ 4519253.597225728444755, 9497033.872640212997794 ], [ 4519259.577754052355886, 9497025.997363401576877 ], [ 4519266.406091617420316, 9497022.998309710994363 ], [ 4519281.406059044413269, 9497019.761241434141994 ], [ 4519290.558413618244231, 9497020.786939479410648 ], [ 4519297.67774033267051, 9497016.938239086419344 ], [ 4519321.355173384770751, 9497015.630448888987303 ], [ 4519327.048163463361561, 9497014.445815194398165 ], [ 4519379.583282073028386, 9497003.707893749698997 ], [ 4519404.209713784977794, 9497003.454840436577797 ], [ 4519416.366247457452118, 9497001.752434840425849 ], [ 4519447.372287867590785, 9496993.724480533972383 ], [ 4519491.492543528787792, 9496989.86568314768374 ], [ 4519529.800029339268804, 9496983.07733691483736 ], [ 4519553.716687977313995, 9496979.641422957181931 ], [ 4519584.22223595622927, 9496973.611206142231822 ], [ 4519645.547586837783456, 9496965.307674989104271 ], [ 4519735.352804923430085, 9496958.361713590100408 ], [ 4519770.790808219462633, 9496953.038296073675156 ], [ 4519814.034200252965093, 9496948.770905189216137 ], [ 4519847.604707770980895, 9496942.103160722181201 ], [ 4519894.96013047453016, 9496936.644673967733979 ], [ 4519931.390992308966815, 9496925.997616406530142 ], [ 4519956.663744984194636, 9496921.621087960898876 ], [ 4519996.080974798649549, 9496924.465831140056252 ], [ 4520004.471347458660603, 9496927.336502779275179 ], [ 4520026.393049503676593, 9496937.779514098539948 ], [ 4520100.774395541287959, 9496963.196662032976747 ], [ 4520167.385752442292869, 9496992.442622184753418 ], [ 4520196.738698413595557, 9496997.55683390237391 ], [ 4520209.992730946280062, 9496999.99713739566505 ], [ 4520225.98867385648191, 9497005.863255012780428 ], [ 4520272.009153225459158, 9497028.823999246582389 ], [ 4520331.977185554802418, 9497048.960247309878469 ], [ 4520389.316408108919859, 9497071.320642789825797 ], [ 4520485.658306694589555, 9497105.173411838710308 ], [ 4520513.76436304859817, 9497120.786213735118508 ], [ 4520556.407075109891593, 9497130.338622936978936 ], [ 4520911.3442621268332, 9497258.457068085670471 ], [ 4521024.832813197746873, 9497299.447859136387706 ], [ 4521206.442102146334946, 9497360.839980956166983 ], [ 4521438.259709706529975, 9497439.3334377463907 ], [ 4521661.089604219421744, 9497519.024931276217103 ], [ 4522400.125232063233852, 9497781.754895368590951 ], [ 4524848.629269435070455, 9498652.781348897144198 ], [ 4525231.779602157883346, 9498846.100162517279387 ], [ 4525292.861052034422755, 9498904.888673009350896 ], [ 4525376.684072004631162, 9498989.669568743556738 ], [ 4525550.051265853457153, 9498870.762744229286909 ], [ 4525695.385317615233362, 9498783.065686009824276 ], [ 4525816.954216564074159, 9498721.210986534133554 ], [ 4525946.79571215249598, 9498687.433457963168621 ], [ 4526115.84860781673342, 9498659.103975523263216 ], [ 4526348.485192871652544, 9498624.617720827460289 ], [ 4526615.65219341404736, 9498567.344753487035632 ], [ 4526783.67171024531126, 9498514.206251408904791 ], [ 4526883.169850354082882, 9498449.667776137590408 ], [ 4527217.463950998149812, 9498038.466360555961728 ], [ 4527665.146971769630909, 9497164.739796716719866 ], [ 4527568.44250560272485, 9497123.64477900415659 ], [ 4527316.295398675836623, 9496980.85353397578001 ], [ 4527257.620787508785725, 9496968.309037644416094 ], [ 4526747.852215054444969, 9496719.72425290569663 ], [ 4526780.098577230237424, 9496041.537143768742681 ], [ 4526827.408136303536594, 9495161.88583148829639 ], [ 4526516.829206018708646, 9494525.166402650997043 ], [ 4526303.03021651506424, 9494306.36143452860415 ], [ 4526397.248584493994713, 9493441.568403851240873 ], [ 4526452.389135785400867, 9492783.70243813842535 ], [ 4526534.794835998676717, 9491929.744648074731231 ], [ 4526569.722439430654049, 9491568.477591244503856 ], [ 4527477.954453760758042, 9490387.083429649472237 ], [ 4527962.763303948566318, 9489913.188045401126146 ], [ 4528383.081878812983632, 9489485.664599999785423 ], [ 4528532.02579902112484, 9489326.89413476549089 ], [ 4528620.749214295297861, 9489323.185596471652389 ], [ 4528773.656664974056184, 9489335.853788992390037 ], [ 4529062.825072315521538, 9489342.814790837466717 ], [ 4529293.448778337799013, 9489352.798532370477915 ], [ 4529765.571436715312302, 9489370.148644931614399 ], [ 4529744.217130117118359, 9489311.509372578933835 ], [ 4529752.179479334503412, 9489111.813009329140186 ], [ 4529757.387116433121264, 9488900.126908188685775 ], [ 4529777.637133684009314, 9488741.650847358629107 ], [ 4529826.09250427596271, 9488339.768033104017377 ], [ 4529889.748551335185766, 9487827.07807975076139 ], [ 4529916.836924904957414, 9487685.722971333190799 ], [ 4529948.795971475541592, 9487462.288361616432667 ], [ 4529992.709172884002328, 9487280.469541303813457 ], [ 4530061.676606806926429, 9487064.602519150823355 ], [ 4530138.608282380737364, 9486878.268539976328611 ], [ 4530244.268401581794024, 9486488.769833792001009 ], [ 4530291.857261256314814, 9486137.051318004727364 ], [ 4530320.035341321490705, 9485740.392424641177058 ], [ 4530385.2165767243132, 9485521.195693841204047 ], [ 4530445.022082597017288, 9485394.098351450636983 ], [ 4530509.863682233728468, 9485244.950988313183188 ], [ 4530600.420084243640304, 9485093.213981809094548 ], [ 4530762.228864043951035, 9484918.220453001558781 ], [ 4530894.351073359139264, 9484782.392563050612807 ], [ 4531115.299111881293356, 9484569.014058094471693 ], [ 4531236.974098306149244, 9484410.186341058462858 ], [ 4531286.646636209450662, 9484334.565665278583765 ], [ 4531667.075652658939362, 9483928.964825868606567 ], [ 4531686.152028518728912, 9483914.779170231893659 ], [ 4531964.19839421659708, 9483756.617275973781943 ], [ 4532174.099865708500147, 9483595.802242448553443 ], [ 4532247.013686900027096, 9483481.431131090968847 ], [ 4532302.574580588378012, 9483330.840326094999909 ], [ 4532333.859031043946743, 9483163.557747704908252 ], [ 4532316.656830132007599, 9482967.648949461057782 ], [ 4532270.150663824751973, 9482860.593498203903437 ], [ 4532097.990284574218094, 9482646.884901139885187 ], [ 4532007.946508821099997, 9482357.13097363896668 ], [ 4531995.547966574318707, 9482335.940547859296203 ], [ 4531877.000278606079519, 9482132.981512613594532 ], [ 4531778.403158457018435, 9481915.6446019615978 ], [ 4531743.583534930832684, 9481670.0058618132025 ], [ 4531735.306485512293875, 9481550.623672069981694 ], [ 4531799.170922658406198, 9481370.468523114919662 ], [ 4531866.285888936370611, 9481235.598998479545116 ], [ 4531944.717594646848738, 9481112.32770823314786 ], [ 4531998.863951566629112, 9481023.660351380705833 ], [ 4532052.117971448227763, 9480951.261647371575236 ], [ 4532154.367706728167832, 9480860.607289271429181 ], [ 4532440.013297464698553, 9480468.195944599807262 ], [ 4532612.799292252399027, 9480214.190185023471713 ], [ 4532727.197212244383991, 9479981.282967420294881 ], [ 4532739.562024684622884, 9479794.378648262470961 ], [ 4532805.188649371266365, 9479472.106212908402085 ], [ 4533072.14158253185451, 9478817.714912377297878 ], [ 4533078.593437579460442, 9478809.107881862670183 ], [ 4533291.218451732769608, 9478525.133993012830615 ], [ 4533308.301874749362469, 9478486.759095868095756 ], [ 4533403.427496577613056, 9478272.958028396591544 ], [ 4533450.627739910036325, 9478166.852355647832155 ], [ 4533902.917606487870216, 9476838.152100246399641 ], [ 4534178.87695437297225, 9476835.620507411658764 ], [ 4534807.778198720887303, 9477376.443058583885431 ], [ 4535269.486918735317886, 9477363.921691102907062 ], [ 4535725.220899038948119, 9477038.274384343996644 ], [ 4536258.897892490029335, 9476828.434997675940394 ], [ 4536652.302976705133915, 9475916.719198081642389 ], [ 4536794.972151176072657, 9475680.462607096880674 ], [ 4536955.437416043132544, 9475414.675240514799953 ], [ 4537567.667676088400185, 9475277.528141921386123 ], [ 4537779.574679527431726, 9475362.530513681471348 ], [ 4538162.556585859507322, 9475514.39706321619451 ], [ 4538538.789636742323637, 9476078.265374071896076 ], [ 4538908.456507462076843, 9476263.472507959231734 ], [ 4539453.908765330910683, 9476164.83905016630888 ], [ 4539940.480693613179028, 9475797.973912527784705 ], [ 4540141.659615084528923, 9475811.33081896789372 ], [ 4541154.061291953548789, 9476204.025481943041086 ], [ 4541474.072656651027501, 9476039.290323378518224 ], [ 4541658.519590739160776, 9475602.017443906515837 ], [ 4541715.495466475374997, 9474857.182684324681759 ], [ 4541732.104000543244183, 9474750.082812428474426 ], [ 4541750.738771982491016, 9474629.927348094061017 ], [ 4541949.419572760351002, 9473348.63509713113308 ], [ 4541873.889632215723395, 9473347.967109199613333 ], [ 4541821.64795178361237, 9473342.640004578977823 ], [ 4541800.088149404153228, 9473341.772008627653122 ], [ 4541732.376176698133349, 9473362.634950093924999 ], [ 4541702.184549683704972, 9473372.62792188115418 ], [ 4541687.60559257119894, 9473369.807892493903637 ], [ 4541680.389529219828546, 9473363.164173349738121 ], [ 4541673.327198084443808, 9473347.281549498438835 ], [ 4541608.118466768413782, 9473349.547023510560393 ], [ 4541523.377840235829353, 9473354.960183700546622 ], [ 4541443.978879468515515, 9473363.340408835560083 ], [ 4541371.129957540892065, 9473363.060292605310678 ], [ 4541335.135913386940956, 9473337.652711635455489 ], [ 4541284.076223308220506, 9473337.651419593021274 ], [ 4541161.690016658045352, 9473337.742121106013656 ], [ 4541160.872374997474253, 9473357.308609647676349 ], [ 4541158.318705878220499, 9473357.187932370230556 ], [ 4541146.201245347969234, 9473356.625633139163256 ], [ 4541146.669566445052624, 9473350.875764280557632 ], [ 4541075.736786912195385, 9473342.437411887571216 ], [ 4541051.158890497870743, 9473339.819728745147586 ], [ 4541043.923680194653571, 9473414.31502840295434 ], [ 4541034.770101104862988, 9473430.788533329963684 ], [ 4541023.059847271069884, 9473521.207049949094653 ], [ 4540909.764101557433605, 9473491.693209638819098 ], [ 4540902.493380336090922, 9473453.898380879312754 ], [ 4540846.152582295238972, 9473462.474342299625278 ], [ 4540803.23290734179318, 9473438.130546702072024 ], [ 4540751.180024766363204, 9473404.580925807356834 ], [ 4540619.628995757550001, 9473396.362417060881853 ], [ 4540526.07353534642607, 9473394.051447721198201 ], [ 4540440.782322612591088, 9473388.387857597321272 ], [ 4540401.637714231386781, 9473388.558408675715327 ], [ 4540337.648487935774028, 9473428.05789134465158 ], [ 4540240.241039185784757, 9473488.168953537940979 ], [ 4540166.65896708983928, 9473533.558291856199503 ], [ 4540106.81861821655184, 9473570.487331492826343 ], [ 4539856.994192464277148, 9473567.04030286334455 ], [ 4539773.286165527999401, 9473565.869672790169716 ], [ 4539633.131920993328094, 9473563.920690424740314 ], [ 4539632.14117752481252, 9473539.398755026981235 ], [ 4539613.836468376219273, 9473537.73326251655817 ], [ 4539612.419927855953574, 9473564.447344586253166 ], [ 4539570.969002263620496, 9473564.34165196120739 ], [ 4539374.961650376208127, 9473553.882742056623101 ], [ 4539374.980352050624788, 9473500.693017227575183 ], [ 4539376.042451312765479, 9473480.234603079035878 ], [ 4539376.941244881600142, 9473475.834846271201968 ], [ 4539298.980643255636096, 9473476.28836271725595 ], [ 4539298.868767166510224, 9473429.182242808863521 ], [ 4539339.753744467161596, 9473430.148704564198852 ], [ 4539338.880331742577255, 9473402.421124348416924 ], [ 4539339.393403274938464, 9473271.112224085256457 ], [ 4539338.204511114396155, 9473215.170294368639588 ], [ 4539271.645474373362958, 9473210.282060181722045 ], [ 4539174.404114303179085, 9473196.028498178347945 ], [ 4539171.412959584966302, 9473136.407782677561045 ], [ 4539272.159213823266327, 9473146.009730976074934 ], [ 4539336.817470259033144, 9473151.42092646099627 ], [ 4539335.872590421698987, 9473106.487018149346113 ], [ 4539564.007081310264766, 9472687.92329403758049 ], [ 4540128.194409477524459, 9471463.546424435451627 ], [ 4541855.255194734781981, 9466297.544565796852112 ], [ 4541883.582108959555626, 9466042.964150905609131 ], [ 4541722.004205781966448, 9466071.288358002901077 ], [ 4541711.486295013688505, 9466064.65665820799768 ], [ 4541671.44857035856694, 9466015.193512244150043 ], [ 4541640.700568527914584, 9465968.592447502538562 ], [ 4541562.799411510117352, 9465837.132459741085768 ], [ 4541503.661933902651072, 9465861.932546894997358 ], [ 4541486.912358039058745, 9465859.928639626130462 ], [ 4541436.430638756603003, 9465841.113157751038671 ], [ 4541317.474630895070732, 9465692.46564194560051 ], [ 4541222.200508865527809, 9465573.720087476074696 ], [ 4541019.175687598064542, 9465375.884868169203401 ], [ 4540996.436121255159378, 9465351.550322446972132 ], [ 4540931.633817398920655, 9465284.190603647381067 ], [ 4540837.399530733004212, 9465351.219416359439492 ], [ 4540826.929376027546823, 9465360.039282031357288 ], [ 4540866.625015888363123, 9465413.038982259109616 ], [ 4540252.323211438022554, 9465833.848727595061064 ], [ 4540305.327096423134208, 9465928.055093877017498 ], [ 4539981.875402862206101, 9466140.029687443748116 ], [ 4539386.6180255766958, 9466548.413534991443157 ], [ 4538810.917479073628783, 9466940.627956885844469 ], [ 4538376.438285743817687, 9467272.002957552671432 ], [ 4538368.173926747404039, 9467278.431563820689917 ], [ 4538355.66751591488719, 9467287.940355626866221 ], [ 4538285.725257211364806, 9467373.070547075942159 ], [ 4538135.794934993609786, 9467491.803470389917493 ], [ 4537903.341470502316952, 9467668.765730461105704 ], [ 4537817.16716024838388, 9467729.749362515285611 ], [ 4537746.153896722942591, 9467758.41909397393465 ], [ 4537659.776428397744894, 9467780.240546656772494 ], [ 4537358.503584903664887, 9467844.451966557651758 ], [ 4537141.867284219712019, 9467899.728860462084413 ], [ 4536986.152244664728642, 9467936.575026841834188 ], [ 4536820.628844775259495, 9467973.07434724830091 ], [ 4536689.542129362933338, 9468005.078349176794291 ], [ 4536517.268426870927215, 9468041.860510863363743 ], [ 4536255.345130942761898, 9468094.534052358940244 ], [ 4536145.40054717939347, 9468110.556709382683039 ], [ 4536033.15832912735641, 9468125.9108752515167 ], [ 4536023.485444613732398, 9467513.173806177452207 ], [ 4535668.805739578790963, 9467355.949929123744369 ], [ 4535625.033691284246743, 9467075.966450879350305 ], [ 4535396.947735693305731, 9466874.345165129750967 ], [ 4534662.97235794365406, 9467541.529724430292845 ], [ 4534807.565467174164951, 9467703.484649388119578 ], [ 4534317.106039633974433, 9468020.98641437292099 ], [ 4533638.533704535104334, 9468123.789094969630241 ], [ 4532491.529397456906736, 9468292.031696287915111 ], [ 4532459.741003665141761, 9468471.782743558287621 ], [ 4532456.553036087192595, 9468552.001120574772358 ], [ 4531983.424494790844619, 9468570.456609761342406 ], [ 4531744.896548325195909, 9468610.850304098799825 ], [ 4531685.178428253158927, 9468660.008302088826895 ], [ 4531312.298097792081535, 9468749.264926323667169 ], [ 4531285.421565213240683, 9468379.903705280274153 ], [ 4531248.260781477205455, 9468174.952916909009218 ], [ 4531200.664240757003427, 9468085.685469020158052 ], [ 4531240.5403295122087, 9468055.195279531180859 ], [ 4531237.357148673385382, 9468021.328290466219187 ], [ 4531118.328337864950299, 9467965.689722729846835 ], [ 4531045.784876618534327, 9468042.333303146064281 ], [ 4530924.031075995415449, 9468138.386191848665476 ], [ 4530748.436490453779697, 9468249.498122598975897 ], [ 4530471.323983964510262, 9468453.834934677928686 ], [ 4530314.887260151095688, 9468521.416472256183624 ], [ 4529974.91441832203418, 9468573.521597372367978 ], [ 4529712.473264121450484, 9468650.684628430753946 ], [ 4529410.976891092024744, 9468790.019890980795026 ], [ 4529216.346227346919477, 9468781.620295155793428 ], [ 4529145.584879829548299, 9468756.349518209695816 ], [ 4528787.319017398171127, 9468716.075590472668409 ], [ 4528671.445446236990392, 9468694.262352922931314 ], [ 4528499.577837248332798, 9468692.031166901811957 ], [ 4528312.01206498593092, 9468694.739062430337071 ], [ 4528101.733665698207915, 9468693.498481515794992 ], [ 4527872.898752573877573, 9468674.667192360386252 ], [ 4527705.019609620794654, 9468651.945602599531412 ], [ 4527572.55130800884217, 9468601.113776283338666 ], [ 4527493.837741346098483, 9468530.751595905050635 ], [ 4527453.627248840406537, 9468419.778044823557138 ], [ 4527443.855178660713136, 9468048.833361081779003 ], [ 4527366.276514207012951, 9467849.450877517461777 ], [ 4527189.44249745644629, 9467571.208763565868139 ], [ 4527075.881032118573785, 9467421.443810755386949 ], [ 4526907.447072822600603, 9467204.088945483788848 ], [ 4526745.844568038359284, 9466988.817279431968927 ], [ 4526628.832309804856777, 9466835.748195700347424 ], [ 4526504.809929277747869, 9466759.811653211712837 ], [ 4526380.131431672722101, 9466658.990859162062407 ], [ 4526317.194063246250153, 9466585.965702263638377 ], [ 4526351.140608005225658, 9466501.348141118884087 ], [ 4526431.505265354178846, 9466463.050089487805963 ], [ 4526512.692017143592238, 9466456.392722737044096 ], [ 4526585.593370552174747, 9466479.367221748456359 ], [ 4526620.118554024025798, 9466428.949867499992251 ], [ 4526652.320945001207292, 9466393.435636088252068 ], [ 4526693.907012455165386, 9466347.012268953025341 ], [ 4526699.535437229089439, 9466337.626074690371752 ], [ 4526698.729261476546526, 9466331.009356053546071 ], [ 4526744.700537631288171, 9466227.310635555535555 ], [ 4526364.295677510090172, 9465933.000505881384015 ], [ 4525653.781550361774862, 9465451.794414382427931 ], [ 4525634.409287296235561, 9465437.096002303063869 ], [ 4526029.375961327925324, 9464361.579836605116725 ], [ 4526022.085425236262381, 9464281.407706461846828 ], [ 4525976.584028651937842, 9464287.160009551793337 ], [ 4525913.142939529381692, 9464284.272889103740454 ], [ 4525853.777924881316721, 9464299.423897178843617 ], [ 4525831.361852980218828, 9464315.732681198045611 ], [ 4525813.380972228944302, 9464312.260741731151938 ], [ 4525715.942910618148744, 9464360.142325934022665 ], [ 4525681.146441547200084, 9464414.536178395152092 ], [ 4525575.505024020560086, 9464495.256444029510021 ], [ 4525451.639492656104267, 9464466.763569254428148 ], [ 4525420.981214336119592, 9464471.180691573768854 ], [ 4525381.755899324081838, 9464504.630385171622038 ], [ 4525298.932417062111199, 9464540.668079664930701 ], [ 4525230.791419037617743, 9464573.133751826360822 ], [ 4525112.199203272350132, 9464580.55483702942729 ], [ 4524857.572677325457335, 9464646.101212210953236 ], [ 4524650.532005428336561, 9464717.786182545125484 ], [ 4524595.613647839985788, 9464725.307818241417408 ], [ 4524483.884835279546678, 9464759.632367376238108 ], [ 4524383.915368448011577, 9464848.768263896927238 ], [ 4524386.585255114361644, 9464998.846520816907287 ], [ 4524357.818851540796459, 9465100.111590329557657 ], [ 4524173.498376394622028, 9465056.058387689292431 ], [ 4524142.693156345747411, 9465044.004834216088057 ], [ 4524102.381474423222244, 9465033.153040183708072 ], [ 4524032.576583970338106, 9465038.27127318456769 ], [ 4523944.244901983998716, 9465046.374246314167976 ], [ 4523855.356956503354013, 9465058.970343451946974 ], [ 4523756.135667969472706, 9465073.495553940534592 ], [ 4523630.027160184457898, 9465086.876604005694389 ], [ 4523558.315923452377319, 9465100.269294258207083 ], [ 4523470.814016950316727, 9465110.579680118709803 ], [ 4523425.752109716646373, 9465119.888877609744668 ], [ 4523377.496334971860051, 9465124.092952072620392 ], [ 4523306.55431592091918, 9465119.543528286740184 ], [ 4523274.349030637182295, 9465115.652025872841477 ], [ 4522838.699869459494948, 9465116.015958821401 ], [ 4522413.489693529903889, 9465144.814987260848284 ], [ 4521926.00962084159255, 9465091.154993817210197 ], [ 4521898.280714921653271, 9465088.070609012618661 ], [ 4521752.134921432472765, 9465071.956978717818856 ], [ 4521729.609199832193553, 9465055.15346709266305 ], [ 4521696.68289820663631, 9465025.546160338446498 ], [ 4521677.585037684999406, 9465002.000296756625175 ], [ 4521670.696810234338045, 9464984.535689754411578 ], [ 4521681.632503051310778, 9464930.876912878826261 ], [ 4521683.436769358813763, 9464921.768509056419134 ], [ 4521685.230794271454215, 9464917.525323521345854 ], [ 4521738.799848311580718, 9464967.718964559957385 ], [ 4521790.571537853218615, 9464998.178547175601125 ], [ 4521832.098383338190615, 9465012.839395834133029 ], [ 4521888.228676222264767, 9464895.180502746254206 ], [ 4521831.817190303467214, 9464867.250995645299554 ], [ 4521820.26055736746639, 9464888.572102772071958 ], [ 4521813.367654497735202, 9464906.807161772623658 ], [ 4521811.812075932510197, 9464906.10615992359817 ], [ 4521805.020028522238135, 9464923.410550270229578 ], [ 4521792.615141064859927, 9464952.318487660959363 ], [ 4521777.230119519867003, 9464984.753529259935021 ], [ 4521756.938691419549286, 9464973.951898220926523 ], [ 4521751.773021768778563, 9464965.845910865813494 ], [ 4521747.826077903620899, 9464963.806123180314898 ], [ 4521741.710741676390171, 9464960.789158770814538 ], [ 4521728.438675386831164, 9464949.631641119718552 ], [ 4521689.745801499113441, 9464906.800709247589111 ], [ 4521728.455929907038808, 9464814.735190223902464 ], [ 4521735.71184563729912, 9464797.458682248368859 ], [ 4521760.111853504553437, 9464739.244145296514034 ], [ 4521758.89001077413559, 9464676.816727299243212 ], [ 4521625.088658258318901, 9464454.910003516823053 ], [ 4521242.131242213770747, 9464453.351690426468849 ], [ 4521211.97746382560581, 9464256.085137525573373 ], [ 4521210.766753043979406, 9464189.260521411895752 ], [ 4521208.292677361518145, 9464092.46822358481586 ], [ 4521240.740861774422228, 9464095.084549009799957 ], [ 4521240.383971486240625, 9464061.813312977552414 ], [ 4521247.724490028806031, 9463973.146954923868179 ], [ 4521250.984926594421268, 9463928.124513860791922 ], [ 4521260.314390479587018, 9463926.007347989827394 ], [ 4521271.76649441383779, 9463774.566858546808362 ], [ 4521277.987472837790847, 9463672.029205024242401 ], [ 4521283.480644430033863, 9463634.144139653071761 ], [ 4521331.792301558889449, 9463508.585282159969211 ], [ 4521435.891944138333201, 9463226.990176063030958 ], [ 4521453.626808813773096, 9463179.020017689093947 ], [ 4521488.642911239527166, 9463087.86979503929615 ], [ 4521510.348542152903974, 9463031.19249864667654 ], [ 4521511.565598145127296, 9463028.132235342636704 ], [ 4521548.566193133592606, 9462927.800972145050764 ], [ 4521574.601818280294538, 9462890.031620420515537 ], [ 4521581.43204827606678, 9462823.656235046684742 ], [ 4521583.773765084333718, 9462704.360765060409904 ], [ 4521617.925694303587079, 9462703.524004802107811 ], [ 4521631.637361262924969, 9462649.398753201588988 ], [ 4521646.460887296125293, 9462591.337617855519056 ], [ 4521660.751526926644146, 9462534.965920500457287 ], [ 4521669.718979827128351, 9462510.353466579690576 ], [ 4521739.169985618442297, 9462325.475889896973968 ], [ 4521928.837135908193886, 9461934.417299164459109 ], [ 4522003.256664531305432, 9461780.424116753041744 ], [ 4522126.29999013710767, 9461725.567579139024019 ], [ 4522201.230809181928635, 9461686.98555226996541 ], [ 4522235.820224001072347, 9461669.201236426830292 ], [ 4522746.040196990594268, 9461416.063624983653426 ], [ 4522781.977134245447814, 9461401.32458608597517 ], [ 4522957.934955284930766, 9461346.281123159453273 ], [ 4523415.016903302632272, 9461141.844212768599391 ], [ 4523559.13234059792012, 9461082.559821693226695 ], [ 4523737.320113676600158, 9461000.433427963405848 ], [ 4524445.577683426439762, 9460676.659874310716987 ], [ 4524817.081659702584147, 9460430.965498384088278 ], [ 4524825.357818565331399, 9459322.248265279456973 ], [ 4524842.517606751993299, 9458623.101485682651401 ], [ 4524844.84518598485738, 9458489.709399562329054 ], [ 4524852.126482558436692, 9458075.464371539652348 ], [ 4524951.767668211832643, 9458036.500526286661625 ], [ 4525030.729366018436849, 9458010.122503969818354 ], [ 4525159.40378806553781, 9457958.31692180223763 ], [ 4525213.5314433099702, 9457944.672686688601971 ], [ 4525284.157982924953103, 9457918.5667764544487 ], [ 4525291.661918479017913, 9457878.51955995708704 ], [ 4525319.914471284486353, 9457829.86242619343102 ], [ 4525620.786119332537055, 9457601.529965119436383 ], [ 4526573.823672110214829, 9456783.963262550532818 ], [ 4526669.513349798507988, 9456710.481372207403183 ], [ 4526796.652230788953602, 9456605.126547936350107 ], [ 4526909.525185077451169, 9456514.200498778373003 ], [ 4526948.141248515807092, 9456478.466898242011666 ], [ 4526936.872710420750082, 9456471.992936693131924 ], [ 4526906.096544760279357, 9456459.873319199308753 ], [ 4526890.70662515796721, 9456456.00024308077991 ], [ 4526878.209008565172553, 9456443.283606534823775 ], [ 4526876.345520288683474, 9456427.302320679649711 ], [ 4526876.702521896921098, 9456373.420237824320793 ], [ 4526843.051975663751364, 9456300.241130638867617 ], [ 4526827.271435968577862, 9456277.433733006939292 ], [ 4526782.51799504365772, 9456257.009117886424065 ], [ 4526754.714839022606611, 9456241.873529078438878 ], [ 4526704.208072854205966, 9456237.652305396273732 ], [ 4526687.591523784212768, 9456245.445137405768037 ], [ 4526675.485306520946324, 9456251.662653172388673 ], [ 4526651.242815732955933, 9456261.137034801766276 ], [ 4526625.213535798713565, 9456257.58913479372859 ], [ 4526598.985439253039658, 9456245.326040802523494 ], [ 4526572.845841702073812, 9456237.432672940194607 ], [ 4526546.704351721331477, 9456229.492654927074909 ], [ 4526537.253994869999588, 9456216.672538826242089 ], [ 4526524.029907280579209, 9456169.047397926449776 ], [ 4526518.686683042906225, 9456134.284281685948372 ], [ 4526518.148008025251329, 9456109.525767372921109 ], [ 4526532.80143787804991, 9456079.972651924937963 ], [ 4526544.772958556190133, 9456069.388261182233691 ], [ 4526582.532084555365145, 9456049.265846867114305 ], [ 4526621.843560853973031, 9456032.040645822882652 ], [ 4526633.74873511493206, 9456017.06278220936656 ], [ 4526640.850250711664557, 9455992.103355536237359 ], [ 4526647.914474276825786, 9455965.688105521723628 ], [ 4526674.087356355041265, 9455905.162616210058331 ], [ 4526679.502381664700806, 9455872.962527718394995 ], [ 4526674.659761177375913, 9455861.479084217920899 ], [ 4526654.849455915391445, 9455863.550273403525352 ], [ 4526643.128404090180993, 9455885.762172287330031 ], [ 4526630.487185355275869, 9455937.119255255907774 ], [ 4526617.293710625730455, 9455962.284707482904196 ], [ 4526588.571834847331047, 9455976.293994152918458 ], [ 4526562.668123298324645, 9455978.54823731072247 ], [ 4526542.571392986923456, 9455967.558518713340163 ], [ 4526503.861598536372185, 9455944.013156313449144 ], [ 4526475.234900922514498, 9455891.035668678581715 ], [ 4526457.257916354574263, 9455836.298266755416989 ], [ 4526458.131663038395345, 9455807.132688688114285 ], [ 4526465.158371935598552, 9455779.239057445898652 ], [ 4526488.024285901337862, 9455705.780752750113606 ], [ 4526490.479548590257764, 9455677.984440607950091 ], [ 4526483.864165210165083, 9455654.914069104939699 ], [ 4526457.4761025570333, 9455635.370480170473456 ], [ 4526367.789439728483558, 9455584.324128212407231 ], [ 4526318.060574162751436, 9455545.133259749040008 ], [ 4526299.186465818434954, 9455519.517183737829328 ], [ 4526289.850434083491564, 9455441.219121843576431 ], [ 4526288.52528686542064, 9455380.080286534503102 ], [ 4526269.813927615992725, 9455361.74554368108511 ], [ 4526250.57992335781455, 9455320.135367434471846 ], [ 4526248.183326040394604, 9455279.470346176996827 ], [ 4526271.65915949549526, 9455093.835299635306001 ], [ 4526271.261526274494827, 9455076.385354766622186 ], [ 4526260.813524147495627, 9455086.904854655265808 ], [ 4526243.277476081624627, 9455123.836892586201429 ], [ 4526215.631503181532025, 9455187.306889325380325 ], [ 4526182.8653903035447, 9455224.731491861864924 ], [ 4526142.201827470213175, 9455252.210795855149627 ], [ 4526108.875777551904321, 9455264.903897523880005 ], [ 4526052.681030683219433, 9455278.312019344419241 ], [ 4525968.043374679982662, 9455320.289244862273335 ], [ 4525920.708768721669912, 9455391.630995307117701 ], [ 4525898.252399164251983, 9455411.299952570348978 ], [ 4525869.456384603865445, 9455422.369999516755342 ], [ 4525840.771244258619845, 9455437.808243546634912 ], [ 4525801.315052621997893, 9455449.250015893951058 ], [ 4525760.224579541943967, 9455456.363049553707242 ], [ 4525737.083817753940821, 9455445.451469143852592 ], [ 4525712.185098567046225, 9455424.409613996744156 ], [ 4525696.146742931567132, 9455388.495421797037125 ], [ 4525650.670504552312195, 9455261.790031118318439 ], [ 4525640.937730153091252, 9455235.887850103899837 ], [ 4525634.662539138458669, 9455228.836639937013388 ], [ 4525624.162550807930529, 9455236.442523956298828 ], [ 4525609.135087467730045, 9455248.561591336503625 ], [ 4525588.263350860215724, 9455272.48997363075614 ], [ 4525574.532982227392495, 9455272.918610885739326 ], [ 4525566.720580362714827, 9455264.45025908946991 ], [ 4525539.011600632220507, 9455253.68073658645153 ], [ 4525513.027182452380657, 9455254.476922396570444 ], [ 4525488.474778201431036, 9455247.972378239035606 ], [ 4525463.57650429289788, 9455226.907397890463471 ], [ 4525441.835696421563625, 9455210.130360102280974 ], [ 4525418.944178974255919, 9455210.844577414914966 ], [ 4525403.765321126207709, 9455214.247871570289135 ], [ 4525392.22939361538738, 9455246.627446690574288 ], [ 4525397.036725824698806, 9455327.98002745769918 ], [ 4525401.435849461704493, 9455390.448679018765688 ], [ 4525408.348121923394501, 9455428.10530517436564 ], [ 4525396.710448397323489, 9455454.659797471016645 ], [ 4525367.863783470354974, 9455462.838401166722178 ], [ 4525341.603960869833827, 9455449.115982862189412 ], [ 4525321.047926340252161, 9455416.23311678506434 ], [ 4525306.784782622940838, 9455391.951383208855987 ], [ 4525279.052537118084729, 9455381.181924289092422 ], [ 4525202.439903206191957, 9455369.028863994404674 ], [ 4525106.082531211897731, 9455363.311906693503261 ], [ 4525043.681945368647575, 9455372.526056380942464 ], [ 4524983.016051152721047, 9455391.894161878153682 ], [ 4524908.80647108796984, 9455421.86119144782424 ], [ 4524777.210023727267981, 9455481.307955281808972 ], [ 4524707.924995296634734, 9455527.126215748488903 ], [ 4524668.984992139041424, 9455561.861086899414659 ], [ 4524640.630470680072904, 9455593.291115231812 ], [ 4524604.821884798817337, 9455632.26985427737236 ], [ 4524588.675437937490642, 9455663.335975514724851 ], [ 4524594.591178317554295, 9455725.768666937947273 ], [ 4524607.700606831349432, 9455767.568369207903743 ], [ 4524609.80554708186537, 9455795.17634697444737 ], [ 4524602.560540663078427, 9455812.873461790382862 ], [ 4524582.946936940774322, 9455823.676314890384674 ], [ 4524553.900564847514033, 9455823.114377431571484 ], [ 4524524.754450490698218, 9455816.749021140858531 ], [ 4524477.08722189348191, 9455802.215233435854316 ], [ 4524415.427689900621772, 9455775.000066170468926 ], [ 4524281.367853528819978, 9455719.506504541262984 ], [ 4524256.66828491166234, 9455707.172942664474249 ], [ 4524248.550311045721173, 9455685.596994068473577 ], [ 4524238.881656672805548, 9455661.14653149433434 ], [ 4524239.98438754864037, 9455640.718025524169207 ], [ 4524259.364554299041629, 9455619.723017562180758 ], [ 4524283.644782393239439, 9455611.71383965946734 ], [ 4524302.090978615917265, 9455616.9469208214432 ], [ 4524337.488238978199661, 9455630.389992559328675 ], [ 4524369.616379855200648, 9455632.306714316830039 ], [ 4524380.178039182908833, 9455626.157534565776587 ], [ 4524379.858440924435854, 9455611.617952287197113 ], [ 4524370.289974094368517, 9455592.993916703388095 ], [ 4524354.308391398750246, 9455559.988976690918207 ], [ 4524353.802221673540771, 9455535.277580801397562 ], [ 4524359.437214298173785, 9455513.251853125169873 ], [ 4524375.560284066013992, 9455482.164739621803164 ], [ 4524368.988649246282876, 9455460.549009796231985 ], [ 4524346.878928583115339, 9455426.293029533699155 ], [ 4524307.340249204076827, 9455362.030618116259575 ], [ 4524286.594414941035211, 9455320.45446334220469 ], [ 4524279.789677107706666, 9455288.646239621564746 ], [ 4524286.898762429133058, 9455263.691961277276278 ], [ 4524283.234347430989146, 9455234.646535554900765 ], [ 4524264.222648195922375, 9455203.225060343742371 ], [ 4524236.182938258163631, 9455176.455263366922736 ], [ 4524208.502456315793097, 9455168.571336351335049 ], [ 4524199.341307502239943, 9455168.855629762634635 ], [ 4524182.688690914772451, 9455175.208546586334705 ], [ 4524173.403977465815842, 9455169.668043995276093 ], [ 4524157.671082513406873, 9455148.314107146114111 ], [ 4524142.135000418871641, 9455135.696991601958871 ], [ 4524111.554534423165023, 9455133.715710608288646 ], [ 4524094.706329490989447, 9455131.354772882536054 ], [ 4524059.534713735803962, 9455129.538964869454503 ], [ 4524022.543024306185544, 9455113.200064422562718 ], [ 4523989.962592339143157, 9455089.48485885374248 ], [ 4523977.068121762014925, 9455057.881289845332503 ], [ 4523940.296510965563357, 9454980.389648733660579 ], [ 4523917.697541139088571, 9454922.836047256365418 ], [ 4523878.868189555592835, 9454892.067512849345803 ], [ 4523838.809536836110055, 9454875.830966357141733 ], [ 4523820.437702033668756, 9454873.485836550593376 ], [ 4523773.170667005702853, 9454876.422210326418281 ], [ 4523672.656625226140022, 9454889.733975753188133 ], [ 4523623.793046060949564, 9454889.796863202005625 ], [ 4523597.660684279166162, 9454881.870471723377705 ], [ 4523568.163913524709642, 9454859.484920050948858 ], [ 4523518.700433623977005, 9454831.904306462034583 ], [ 4523495.68791189044714, 9454826.810724368318915 ], [ 4523483.590043589472771, 9454831.54064473323524 ], [ 4523476.442998322658241, 9454855.059622785076499 ], [ 4523462.171839602291584, 9454902.097555818036199 ], [ 4523442.029913577251136, 9454960.94328692369163 ], [ 4523405.416042499244213, 9455033.397171556949615 ], [ 4523355.197705131955445, 9455115.015352752059698 ], [ 4523308.772579413838685, 9455157.219455700367689 ], [ 4523284.898333501070738, 9455184.178365556523204 ], [ 4523280.855543553829193, 9455209.051946230232716 ], [ 4523263.290218463167548, 9455244.520353410393 ], [ 4523249.752098590135574, 9455258.123294729739428 ], [ 4523227.113499025814235, 9455274.066111350432038 ], [ 4523217.193485242314637, 9455280.09435810148716 ], [ 4523203.122590286657214, 9455288.583348628133535 ], [ 4523177.393539018929005, 9455299.585930623114109 ], [ 4523139.787477319128811, 9455326.969126472249627 ], [ 4523099.378613481298089, 9455366.057489035651088 ], [ 4523067.519197854213417, 9455375.761115534231067 ], [ 4523027.86441224720329, 9455378.473194792866707 ], [ 4523005.058165529742837, 9455383.54861600138247 ], [ 4522964.404287490993738, 9455411.009721061214805 ], [ 4522928.686649634502828, 9455455.805007627233863 ], [ 4522893.012760336510837, 9455500.552119499072433 ], [ 4522896.719365421682596, 9455532.466462003067136 ], [ 4522914.814571289345622, 9455593.058099213987589 ], [ 4522920.067960698157549, 9455624.932390529662371 ], [ 4522913.403819382190704, 9455640.544551150873303 ], [ 4522890.147396643646061, 9455654.985211784020066 ], [ 4522859.564926896244287, 9455652.998372266069055 ], [ 4522830.312947703525424, 9455642.281099416315556 ], [ 4522770.111812360584736, 9455612.100482309237123 ], [ 4522722.039603455923498, 9455577.328504635021091 ], [ 4522674.093074257485569, 9455549.584249295294285 ], [ 4522613.633900334127247, 9455530.032703168690205 ], [ 4522573.77751512825489, 9455530.089667860418558 ], [ 4522567.556648024357855, 9455529.395781246945262 ], [ 4522561.272662769071758, 9455529.421299366280437 ], [ 4522557.401972754858434, 9455529.695296930149198 ], [ 4522507.796003906056285, 9455578.504408158361912 ], [ 4522458.031738742254674, 9455629.679857069626451 ], [ 4522398.946469975635409, 9455707.287390431389213 ], [ 4522378.343013341538608, 9455729.021673548966646 ], [ 4522352.162338898517191, 9455728.449175208806992 ], [ 4522289.998640933074057, 9455636.478859527036548 ], [ 4522276.05954825412482, 9455432.252327652648091 ], [ 4522300.129159873351455, 9455399.203288646414876 ], [ 4522337.069864976219833, 9455382.054419454187155 ], [ 4522394.848354240879416, 9455400.51422568038106 ], [ 4522411.951592125929892, 9455387.59972801618278 ], [ 4522425.504294851794839, 9455332.377783499658108 ], [ 4522352.421045395545661, 9455251.917993387207389 ], [ 4522285.469384810887277, 9455069.023982282727957 ], [ 4522249.970601072534919, 9455044.980820432305336 ], [ 4522063.061725126579404, 9455043.5230369027704 ], [ 4522012.714591109193861, 9455023.624424943700433 ], [ 4521875.605491244234145, 9454923.591988893225789 ], [ 4521793.607999604195356, 9454883.284406941384077 ], [ 4521587.815107878297567, 9454873.5626415386796 ], [ 4521526.036352711729705, 9454845.197688983753324 ], [ 4521492.685144589282572, 9454807.392362240701914 ], [ 4521477.062789890915155, 9454731.690047837793827 ], [ 4521535.267632804811001, 9454620.455564158037305 ], [ 4521693.717124332673848, 9454464.399777805432677 ], [ 4521828.8309336444363, 9454328.332946173846722 ], [ 4521825.087147848680615, 9454261.311904894188046 ], [ 4521768.986020672135055, 9454161.730675745755434 ], [ 4521739.901688631623983, 9454046.475942248478532 ], [ 4521754.491221094503999, 9453983.752439426258206 ], [ 4521742.088226069696248, 9453936.678866749629378 ], [ 4521461.600623939186335, 9453781.691883392632008 ], [ 4521401.46127091255039, 9453718.384220218285918 ], [ 4521362.189646992832422, 9453643.309956781566143 ], [ 4521348.548111313022673, 9453597.514465058222413 ], [ 4521375.781979457475245, 9453443.40742807649076 ], [ 4521402.917107214219868, 9453384.110755635425448 ], [ 4521452.176538486965001, 9453361.658567165955901 ], [ 4521520.911982592195272, 9453371.11593603156507 ], [ 4521558.087237861938775, 9453363.934395171701908 ], [ 4521582.071356112137437, 9453327.177234167233109 ], [ 4521529.414899257011712, 9453264.911301672458649 ], [ 4521427.722763306461275, 9453183.943707976490259 ], [ 4521364.418485837988555, 9453092.069091385230422 ], [ 4521324.597611549310386, 9452966.421070028096437 ], [ 4521361.478760724887252, 9452850.279105266556144 ], [ 4521428.015422247350216, 9452752.888507355004549 ], [ 4521519.088124054484069, 9452677.879630491137505 ], [ 4521522.60047662910074, 9452566.54655909538269 ], [ 4521457.154746116138995, 9452492.921682862564921 ], [ 4521353.31102704629302, 9452438.297145303338766 ], [ 4521308.181103602983057, 9452397.931327756494284 ], [ 4521265.580136352218688, 9452372.05431954562664 ], [ 4521254.455534359440207, 9452286.366664422675967 ], [ 4521518.567928074859083, 9452179.826644346117973 ], [ 4521584.989262604154646, 9452191.156227435916662 ], [ 4521590.831198162399232, 9452161.018159490078688 ], [ 4521587.253946324810386, 9452083.257853521034122 ], [ 4521547.532369023188949, 9452019.111603442579508 ], [ 4521500.065181551501155, 9451961.548089077696204 ], [ 4521419.633732507005334, 9451919.109289782121778 ], [ 4521388.494887945242226, 9451899.034491151571274 ], [ 4521336.558222918771207, 9451897.403715759515762 ], [ 4521291.838289159350097, 9451885.812855215743184 ], [ 4521203.993741265498102, 9451800.664628025144339 ], [ 4521077.256389677524567, 9451746.696187334135175 ], [ 4521009.146672430448234, 9451689.647809237241745 ], [ 4521069.844404022209346, 9451642.019654739648104 ], [ 4521067.449587817303836, 9451610.323289105668664 ], [ 4521021.808039994910359, 9451500.267259186133742 ], [ 4520899.608961407095194, 9451374.689761970192194 ], [ 4520075.279783121310174, 9451383.580828506499529 ], [ 4519935.126429142430425, 9451384.637277759611607 ], [ 4519794.352357682771981, 9451538.945995829999447 ], [ 4519453.273556713014841, 9451942.027327880263329 ], [ 4519274.932274055667222, 9452248.835487196221948 ], [ 4519177.088675539940596, 9452629.52287644892931 ], [ 4519066.757701825350523, 9453067.441299336031079 ], [ 4519083.603569047525525, 9453488.289461456239223 ], [ 4519082.374713188968599, 9453493.334923299029469 ], [ 4519074.847957137972116, 9453492.852795507758856 ], [ 4518878.460003912448883, 9453474.603342240676284 ], [ 4518829.190219925716519, 9453470.047235116362572 ], [ 4518834.345870822668076, 9453507.446001432836056 ], [ 4518867.767766822129488, 9453749.413846338167787 ], [ 4518291.177554947324097, 9453626.840748943388462 ], [ 4518264.687189682386816, 9453621.223894840106368 ], [ 4518234.744139090180397, 9453411.266217786818743 ], [ 4518200.976818710565567, 9453407.908370083197951 ], [ 4518177.463136630132794, 9453405.640773728489876 ], [ 4518203.199980261735618, 9453588.56830414570868 ], [ 4518201.913126948289573, 9453588.735801361501217 ], [ 4518204.616966060362756, 9453608.887549689039588 ], [ 4518185.8365887273103, 9453604.85652543976903 ], [ 4518116.725552660413086, 9453589.992546020075679 ], [ 4518090.050063082017004, 9453584.35922915302217 ], [ 4517820.780905274674296, 9453527.47537505440414 ], [ 4515084.174789962358773, 9452946.810702040791512 ], [ 4512832.967184179462492, 9452467.800521561875939 ], [ 4512852.936898953281343, 9453339.996235974133015 ], [ 4512870.250196717679501, 9454102.582604166120291 ], [ 4512900.551362111233175, 9455429.492027565836906 ], [ 4512902.967217700555921, 9455534.704582624137402 ], [ 4512919.512744937092066, 9456257.807994520291686 ], [ 4512919.786034286953509, 9456270.013623932376504 ], [ 4512913.121559011749923, 9456319.582131629809737 ], [ 4512883.852547936141491, 9456352.043847139924765 ], [ 4513092.696038987487555, 9456566.739760695025325 ], [ 4513292.183015518821776, 9456782.940294401720166 ], [ 4513527.442176456563175, 9456996.429065708070993 ], [ 4513675.08900195825845, 9457133.627241663634777 ], [ 4513767.360948639921844, 9457186.5459751393646 ], [ 4513985.963485489599407, 9457239.542193155735731 ], [ 4514172.207895395345986, 9457276.647130033001304 ], [ 4514353.308788228780031, 9457327.951922077685595 ], [ 4514474.801210689358413, 9457365.701629269868135 ], [ 4514612.867101576179266, 9457452.404561309143901 ], [ 4514860.044238518923521, 9457632.674612388014793 ], [ 4514910.539761417545378, 9457673.268082149326801 ], [ 4515499.756943131797016, 9458102.472313554957509 ], [ 4515673.589341133832932, 9458229.326084678992629 ], [ 4515833.65485770907253, 9458356.265163104981184 ], [ 4515989.624150981195271, 9458501.489275446161628 ], [ 4516525.452504911459982, 9459050.841842683032155 ], [ 4516652.265331114642322, 9459169.758735241368413 ], [ 4516767.675479236058891, 9459257.212085729464889 ], [ 4517036.032930413261056, 9459412.648723218590021 ], [ 4517572.377584140747786, 9459710.507463306188583 ], [ 4517831.876564200036228, 9459882.832425067201257 ], [ 4517987.306848498061299, 9460012.765491589903831 ], [ 4518162.307321916334331, 9460191.705436302348971 ], [ 4518303.645671875216067, 9460372.812955409288406 ], [ 4518331.925497954711318, 9460415.984246596693993 ], [ 4518462.763748264871538, 9460615.784514205530286 ], [ 4518684.316696898080409, 9460943.52728852443397 ], [ 4518721.227791016921401, 9461000.521907649934292 ], [ 4518652.970464125275612, 9461092.555569902062416 ], [ 4518707.297715216875076, 9461165.70432255230844 ], [ 4518893.361230949871242, 9461409.157937465235591 ], [ 4518816.640394492074847, 9461386.994980055838823 ], [ 4518729.11867312155664, 9461388.328697361052036 ], [ 4518634.905314520001411, 9461406.116176310926676 ], [ 4518544.512886120937765, 9461445.884127149358392 ], [ 4518460.361251013353467, 9461494.221236838027835 ], [ 4518393.967189758084714, 9461563.213461836799979 ], [ 4518301.299502287060022, 9461723.06099996343255 ], [ 4517942.137072677724063, 9461871.969236789271235 ], [ 4517929.671850056387484, 9461901.346369192004204 ], [ 4517976.261839940212667, 9462031.808017948642373 ], [ 4518209.19542539678514, 9462149.648370863869786 ], [ 4518244.925531038083136, 9462264.6650231461972 ], [ 4518342.570312942378223, 9462507.912918569520116 ], [ 4518603.855302911251783, 9462846.906113993376493 ], [ 4518703.930300620384514, 9463115.547397738322616 ], [ 4518885.110675569623709, 9463086.160575089976192 ], [ 4518954.667546196840703, 9463077.607256595045328 ], [ 4518957.780707077123225, 9463343.129815751686692 ], [ 4519039.448693024925888, 9463488.060030918568373 ], [ 4519206.770347967743874, 9463812.254485657438636 ], [ 4519213.543137107044458, 9463824.742837028577924 ], [ 4519230.987569231539965, 9463856.904836857691407 ], [ 4519241.324251868762076, 9463889.493562292307615 ], [ 4519242.521715631708503, 9463892.224392922595143 ], [ 4519255.39169592037797, 9463931.983878681436181 ], [ 4519300.627372880466282, 9463976.363757777959108 ], [ 4519316.390992012806237, 9463992.079273674637079 ], [ 4519355.730186863802373, 9464031.347183641046286 ], [ 4519373.009977460838854, 9464076.024467580020428 ], [ 4519378.304555082693696, 9464195.170949418097734 ], [ 4519345.652656001970172, 9464311.893753211945295 ], [ 4519344.355449975468218, 9464316.440076492726803 ], [ 4519333.988488435745239, 9464344.470897804945707 ], [ 4519333.926706118509173, 9464360.711394304409623 ], [ 4519341.516246361657977, 9464387.112603964284062 ], [ 4519351.322268987074494, 9464422.574173929169774 ], [ 4519355.495302738621831, 9464437.693734109401703 ], [ 4519353.601758199743927, 9464500.267956184223294 ], [ 4519364.161191137507558, 9464552.100331658497453 ], [ 4519355.169470588676631, 9464609.055655036121607 ], [ 4519360.30486133787781, 9464674.960784772410989 ], [ 4519399.988478694111109, 9464735.275681937113404 ], [ 4519427.152994795702398, 9464804.112938333302736 ], [ 4519452.265447405166924, 9464837.011102586984634 ], [ 4519476.956889698281884, 9464852.598191866651177 ], [ 4519489.810394703410566, 9464859.213010696694255 ], [ 4519509.64441101718694, 9464865.66110353730619 ], [ 4519529.644516009837389, 9464877.939932143315673 ], [ 4519553.250815909355879, 9464898.157949779182673 ], [ 4519566.480024195276201, 9464918.656839413568377 ], [ 4519593.526875594630837, 9464981.662222081795335 ], [ 4519629.04391572996974, 9465014.347759932279587 ], [ 4519642.95929735712707, 9465016.309356436133385 ], [ 4519690.765786637552083, 9465032.465705394744873 ], [ 4519711.920386069454253, 9465045.809768654406071 ], [ 4519720.314543591812253, 9465057.145531464368105 ], [ 4519727.224589663557708, 9465102.179293008521199 ], [ 4519823.470864806324244, 9465250.276747033 ], [ 4519842.824426197446883, 9465348.972507648169994 ], [ 4519918.425388577394187, 9465318.269300872460008 ], [ 4519927.870290773920715, 9465350.992531457915902 ], [ 4519928.115304972976446, 9465351.330148581415415 ], [ 4520026.415090762078762, 9465387.563167128711939 ], [ 4520017.119134044274688, 9465352.238978844136 ], [ 4520036.57689047884196, 9465323.602750973775983 ], [ 4520013.171410943381488, 9465279.816078431904316 ], [ 4520659.780358010903001, 9465204.218629105016589 ], [ 4520786.415740945376456, 9465189.989203540608287 ], [ 4520789.65780979488045, 9465298.441642373800278 ], [ 4520805.345397715456784, 9465369.738565802574158 ], [ 4520820.156901243142784, 9465679.541366491466761 ], [ 4520874.378176179714501, 9465700.203595006838441 ], [ 4520899.205205614678562, 9465707.001446800306439 ], [ 4520916.99528475664556, 9465734.26571230776608 ], [ 4520929.995063572190702, 9465763.230657104402781 ], [ 4520933.961043071933091, 9465799.374923899769783 ], [ 4520940.136380503885448, 9465855.74865042231977 ], [ 4520957.558660048991442, 9466014.769644225016236 ], [ 4520993.36713461112231, 9466341.680628212168813 ], [ 4521058.478016095235944, 9466362.525758096948266 ], [ 4521065.159300613217056, 9466364.640555938705802 ], [ 4521456.136172775179148, 9466489.757583098486066 ], [ 4521489.5706478767097, 9466458.87464863806963 ], [ 4521784.173227481544018, 9466574.92747163772583 ], [ 4521943.520733340643346, 9466582.581197230145335 ], [ 4522060.034168934449553, 9466578.935433967038989 ], [ 4522146.018679458647966, 9466546.805967975407839 ], [ 4522242.205287354066968, 9466499.845913678407669 ], [ 4522288.679393647238612, 9466450.004878355190158 ], [ 4522362.865373979322612, 9466448.107423266395926 ], [ 4522446.724795423448086, 9466493.291517622768879 ], [ 4522628.365810426883399, 9466582.20737861841917 ], [ 4522691.379877981729805, 9466591.190648047253489 ], [ 4522763.914656307548285, 9466670.087308229878545 ], [ 4522901.421612031757832, 9466687.998576184734702 ], [ 4523014.154192441143095, 9466702.218625376001 ], [ 4523088.073339954949915, 9466739.577983872964978 ], [ 4523291.638728668913245, 9466806.818872464820743 ], [ 4523302.269294761121273, 9466923.520778631791472 ], [ 4523373.023963109590113, 9466956.976139932870865 ], [ 4523482.789879090152681, 9467012.790849450975657 ], [ 4523562.914976894855499, 9466799.185041345655918 ], [ 4523623.04509040247649, 9466645.030352054163814 ], [ 4523735.236435447819531, 9466669.734654534608126 ], [ 4523811.41670445818454, 9466686.509475544095039 ], [ 4523828.464839194901288, 9466648.47865360789001 ], [ 4523891.346325237303972, 9466493.308039786294103 ], [ 4523893.316012308001518, 9466489.983213759958744 ], [ 4523912.862935654819012, 9466457.040697896853089 ], [ 4524463.37867187988013, 9466761.321422783657908 ], [ 4524486.060797366313636, 9466706.720016164705157 ], [ 4524583.929776725359261, 9466476.321729391813278 ], [ 4524825.290804232470691, 9466590.712273236364126 ], [ 4524866.143053602427244, 9466593.082720128819346 ], [ 4524920.714428337290883, 9466618.962516909465194 ], [ 4524994.129855155013502, 9466632.594329938292503 ], [ 4525019.254664226435125, 9466643.630327133461833 ], [ 4524985.699073518626392, 9466689.227445885539055 ], [ 4524883.442993028089404, 9466831.322366887703538 ], [ 4524788.282194240018725, 9466922.631625771522522 ], [ 4524805.836498701013625, 9466951.036293998360634 ], [ 4524817.17984349373728, 9466961.228295063599944 ], [ 4524825.09610644262284, 9466966.880283240228891 ], [ 4524830.193871203809977, 9466970.401031130924821 ], [ 4524831.54183891788125, 9466984.04075082577765 ], [ 4524835.498578899540007, 9466995.835046526044607 ], [ 4524836.748028863221407, 9467008.204323332756758 ], [ 4524834.803833956830204, 9467015.514625158160925 ], [ 4524830.892401008866727, 9467023.392668224871159 ], [ 4524836.691144604235888, 9467026.51378433033824 ], [ 4524951.56039131898433, 9467088.468830861151218 ], [ 4524960.209581795148551, 9467069.179158797487617 ], [ 4525071.64640333224088, 9467103.373349050059915 ], [ 4525121.855501181446016, 9467109.759202057495713 ], [ 4525178.758796609006822, 9467110.654316624626517 ], [ 4525197.653721699491143, 9467110.870672570541501 ], [ 4525226.431702500209212, 9467116.147642638534307 ], [ 4525246.627061882056296, 9467123.772263333201408 ], [ 4525255.924131792970002, 9467132.58814444206655 ], [ 4525221.151819052174687, 9467167.209160357713699 ], [ 4525125.060834599658847, 9467360.161788355559111 ], [ 4525109.74694620911032, 9467526.192061439156532 ], [ 4525241.597647287882864, 9467530.389046696946025 ], [ 4525281.845431822352111, 9467587.614950533956289 ], [ 4525290.738968580961227, 9467600.665875986218452 ], [ 4525295.916549417190254, 9467608.354794578626752 ], [ 4525484.825280015356839, 9467886.538466054946184 ], [ 4525732.974347431212664, 9468185.779581418260932 ], [ 4525934.135346464812756, 9468432.501780485734344 ], [ 4525923.745453110896051, 9468460.629753928631544 ], [ 4525911.423943952657282, 9468491.317948402836919 ], [ 4525882.712309568189085, 9468538.816739493981004 ], [ 4525863.036589570343494, 9468561.2797313015908 ], [ 4525851.578029105439782, 9468575.869726367294788 ], [ 4525835.993189074099064, 9468588.080629469826818 ], [ 4525791.009316802956164, 9468607.048036547377706 ], [ 4525600.567494178190827, 9468684.183543799445033 ], [ 4525603.483174281194806, 9468694.817825382575393 ], [ 4525497.0148755768314, 9468732.388627583160996 ], [ 4525507.216082394123077, 9468775.427904438227415 ], [ 4525517.015203209593892, 9468807.589452305808663 ], [ 4525561.815398320555687, 9468943.539331449195743 ], [ 4525229.940047572366893, 9469019.722465282306075 ], [ 4525056.758868591859937, 9469022.236539734527469 ], [ 4525013.041144208982587, 9468970.843199076130986 ], [ 4524991.163302045315504, 9468975.895073059946299 ], [ 4524939.816518999636173, 9468987.749249372631311 ], [ 4524926.554582783021033, 9469023.274709418416023 ], [ 4524906.518187634646893, 9469077.021117080003023 ], [ 4524875.181083059869707, 9469101.447516709566116 ], [ 4524131.169807936064899, 9469326.442533424124122 ], [ 4524091.265666670165956, 9469339.65136906504631 ], [ 4524065.030668316408992, 9469292.723118370398879 ], [ 4523997.195576252415776, 9469187.16720081306994 ], [ 4523987.443654901348054, 9469189.863147938624024 ], [ 4523965.788006439805031, 9469147.870124051347375 ], [ 4524023.293874272145331, 9469124.689643731340766 ], [ 4523991.131892270408571, 9469087.880928516387939 ], [ 4523986.452911432832479, 9469082.74194310978055 ], [ 4524071.458923632279038, 9468956.810206029564142 ], [ 4524063.872389014810324, 9468954.155409326776862 ], [ 4524052.966418500989676, 9468946.76924330368638 ], [ 4524033.086983835324645, 9468930.572955930605531 ], [ 4523976.559169049374759, 9468890.641503147780895 ], [ 4523861.076329300180078, 9468813.636221850290895 ], [ 4523780.649778314866126, 9468938.377983400598168 ], [ 4523892.878971987403929, 9469012.228281922638416 ], [ 4523886.748830267228186, 9469023.073531746864319 ], [ 4523851.10521987080574, 9469083.137329012155533 ], [ 4523838.395873608067632, 9469103.478685023263097 ], [ 4523824.923877513036132, 9469106.350213097408414 ], [ 4523824.338559630326927, 9469104.496722813695669 ], [ 4523806.30446816328913, 9469094.343209898099303 ], [ 4523795.450149892829359, 9469085.957714634016156 ], [ 4523767.493150337599218, 9469064.158572528511286 ], [ 4523697.432113735936582, 9469084.908689100295305 ], [ 4523703.483997852541506, 9469128.076399153098464 ], [ 4523603.447071409784257, 9469135.96376989595592 ], [ 4523572.940521555021405, 9469136.126987246796489 ], [ 4523557.691198470070958, 9469139.696851255372167 ], [ 4523542.386104320175946, 9469144.729735 ], [ 4523524.75020267162472, 9469151.64272484742105 ], [ 4523507.850790773518384, 9469157.320482509210706 ], [ 4523494.536200439557433, 9469157.820724558085203 ], [ 4523474.651867715641856, 9469149.967419195920229 ], [ 4523469.919898801483214, 9469157.092700649052858 ], [ 4523448.66611370164901, 9469159.332555923610926 ], [ 4523445.169123217463493, 9469157.042340716347098 ], [ 4523419.441185144707561, 9469168.181708600372076 ], [ 4523417.000950586982071, 9469166.821471862494946 ], [ 4523371.431649113073945, 9469173.420184938237071 ], [ 4523364.779641621746123, 9469177.193315882235765 ], [ 4523326.538279589265585, 9469184.093941140919924 ], [ 4523281.449544358067214, 9469184.900477983057499 ], [ 4523244.300783125683665, 9469193.610203664749861 ], [ 4523060.874092171899974, 9469231.567171448841691 ], [ 4522914.327548516914248, 9469104.147563207894564 ], [ 4522901.666403591632843, 9469097.411007219925523 ], [ 4522885.899444874376059, 9469096.248864805325866 ], [ 4522870.303138935938478, 9469098.695820454508066 ], [ 4522849.351586255244911, 9469103.796079335734248 ], [ 4522825.571961909532547, 9469105.975227983668447 ], [ 4522801.080783379264176, 9469105.471632301807404 ], [ 4522781.416974566876888, 9469112.628117693588138 ], [ 4522758.245933878235519, 9469122.339008122682571 ], [ 4522743.024663303978741, 9469126.601504933089018 ], [ 4522729.93248931132257, 9469131.982249043881893 ], [ 4522711.579578822478652, 9469141.194474691525102 ], [ 4522672.96195690985769, 9469148.524027610197663 ], [ 4522440.354982840828598, 9469211.309897208586335 ], [ 4522381.756625525653362, 9469226.571673369035125 ], [ 4522310.563914981670678, 9469242.973696798086166 ], [ 4522301.564513387158513, 9469246.540515650063753 ], [ 4522296.205704419873655, 9469249.680175153538585 ], [ 4522244.492902888916433, 9469265.192546375095844 ], [ 4522143.311500761657953, 9469295.057798452675343 ], [ 4522136.609176860190928, 9469297.046925827860832 ], [ 4522082.03668892942369, 9469311.14490151964128 ], [ 4522029.182528659701347, 9469324.801535211503506 ], [ 4521977.962872472591698, 9469339.943980759009719 ], [ 4521903.684274323284626, 9469361.915460400283337 ], [ 4521866.898859910666943, 9469372.782424410805106 ], [ 4521864.631727161817253, 9469375.100085509940982 ], [ 4521830.580208122730255, 9469393.412062581628561 ], [ 4521847.14076348952949, 9469422.013645436614752 ], [ 4521656.681463704444468, 9469507.070625215768814 ], [ 4521429.306728340685368, 9469598.241412101313472 ], [ 4521306.554503203369677, 9469637.598587805405259 ], [ 4521234.92208067048341, 9469667.268349787220359 ], [ 4521194.577448178082705, 9469605.973569190129638 ], [ 4521148.365499285049736, 9469535.298176625743508 ], [ 4521094.131422606296837, 9469298.419584162533283 ], [ 4521001.213711558841169, 9469303.847720911726356 ], [ 4520978.292471806518734, 9469301.535248408094049 ], [ 4520975.561025461181998, 9469300.974046517163515 ], [ 4520952.623867021873593, 9469298.26824308000505 ], [ 4520727.97690446022898, 9469272.357199545949697 ], [ 4520654.303550384007394, 9469263.646085530519485 ], [ 4520581.800720752216876, 9469406.023397743701935 ], [ 4520356.239713850431144, 9469309.575961856171489 ], [ 4520445.127881972119212, 9469109.839744968339801 ], [ 4520399.804596573114395, 9469089.984403943642974 ], [ 4520345.359903418458998, 9469060.972251715138555 ], [ 4519926.505736455321312, 9468837.947050809860229 ], [ 4519046.603975934907794, 9468561.124532489106059 ], [ 4519032.513934025540948, 9468433.846640376374125 ], [ 4518293.419640811160207, 9468526.746142029762268 ], [ 4518287.523603982292116, 9468527.493726732209325 ], [ 4518287.264897486194968, 9468527.967842664569616 ], [ 4518264.735947619192302, 9468603.253259882330894 ], [ 4518210.245390833355486, 9468785.265386935323477 ], [ 4518093.157101389020681, 9469176.470971632748842 ], [ 4518086.500418478623033, 9469212.459145640954375 ], [ 4518180.967028921470046, 9469254.781059505417943 ], [ 4518241.153804050758481, 9469281.701321063563228 ], [ 4518409.761867029592395, 9469357.633193669840693 ], [ 4518469.267366874031723, 9469385.413867393508554 ], [ 4518555.85957049857825, 9469419.496071334928274 ], [ 4519109.289094395004213, 9469640.866783065721393 ], [ 4519065.158597339875996, 9469702.250196639448404 ], [ 4519058.560245842672884, 9469711.441986879333854 ], [ 4518738.707400100305676, 9470158.660562438890338 ], [ 4518776.237875864841044, 9470345.416378349065781 ], [ 4518540.048195303417742, 9470712.705846017226577 ], [ 4518574.68269451521337, 9470743.604529689997435 ], [ 4518652.119426618330181, 9470812.700516579672694 ], [ 4518680.187300387769938, 9470823.693186806514859 ], [ 4518655.322756284847856, 9470900.303958173841238 ], [ 4518623.846168387681246, 9470997.330822329968214 ], [ 4518614.754037657752633, 9471030.900017311796546 ], [ 4518603.438300099223852, 9471072.511574251577258 ], [ 4518603.756896481849253, 9471089.053503273054957 ], [ 4518592.734040503390133, 9471127.013417875394225 ], [ 4518582.758700933307409, 9471161.662011958658695 ], [ 4518572.969487551599741, 9471194.61070247925818 ], [ 4518539.287215264514089, 9471311.693784546107054 ], [ 4518519.0944162318483, 9471381.906692506745458 ], [ 4518494.920052972622216, 9471465.984641162678599 ], [ 4518479.973184943199158, 9471518.109927158802748 ], [ 4518467.649226756766438, 9471561.179345404729247 ], [ 4518747.685094393789768, 9471572.73947056569159 ], [ 4518759.966083256527781, 9471926.489423954859376 ], [ 4518760.13606811966747, 9471931.282469842582941 ], [ 4518774.487933469936252, 9472343.892661416903138 ], [ 4518764.115405957214534, 9472452.076654925942421 ], [ 4518744.041162182576954, 9472475.242987647652626 ], [ 4518647.537182418629527, 9472638.854580672457814 ], [ 4518658.256581464782357, 9473029.294966055080295 ], [ 4518605.019816104322672, 9473092.973464416339993 ], [ 4518473.540922125801444, 9473104.425241520628333 ], [ 4518433.704240471124649, 9473103.968131326138973 ], [ 4518365.2803796203807, 9473098.8192483112216 ], [ 4518325.120426164008677, 9473134.091213501989841 ], [ 4518318.550238497555256, 9473234.502845361828804 ], [ 4518297.059008924290538, 9473289.919586399570107 ], [ 4518305.591870532371104, 9473495.162683591246605 ], [ 4518399.773391759954393, 9473718.389416722580791 ], [ 4518421.591232718899846, 9474203.638021595776081 ], [ 4518480.941887151449919, 9474319.823503497987986 ], [ 4518505.125601248815656, 9474784.835499174892902 ], [ 4518468.222633454017341, 9474959.987402703613043 ], [ 4518483.765617355704308, 9475058.906457917764783 ], [ 4518502.591301721520722, 9475100.067697037011385 ], [ 4518502.700840100646019, 9475132.147668803110719 ], [ 4518493.150184388272464, 9475214.356992902234197 ], [ 4518383.192242287099361, 9475432.857861950993538 ], [ 4518430.042051861993968, 9475562.932059425860643 ], [ 4518445.786635362543166, 9475839.016151823103428 ], [ 4518450.463167170993984, 9476070.38240203820169 ], [ 4518475.137020984664559, 9476237.791070785373449 ], [ 4518515.990828828886151, 9476229.112212775275111 ], [ 4518540.068232811056077, 9476342.507973661646247 ], [ 4518552.256381219252944, 9476452.417563861235976 ], [ 4518560.516510074958205, 9476449.787095014005899 ], [ 4518569.967646162956953, 9476509.549520583823323 ], [ 4518608.095907594077289, 9476586.810877349227667 ], [ 4518622.683436306193471, 9476716.559882964938879 ], [ 4518619.887869934551418, 9476834.180974634364247 ], [ 4518604.512755824252963, 9476904.161014771088958 ], [ 4518586.623713653534651, 9476936.465317018330097 ], [ 4518570.453110462985933, 9476965.405106384307146 ], [ 4518553.473437212407589, 9476991.523539317771792 ], [ 4518538.014499525539577, 9477008.785668002441525 ], [ 4518525.937893248163164, 9477021.409306589514017 ], [ 4518355.867426117882133, 9477174.025622598826885 ], [ 4518302.808326665312052, 9477225.129863578826189 ], [ 4518247.728889774531126, 9477265.78015292622149 ], [ 4518151.678314296528697, 9477326.785888476297259 ], [ 4517982.240364513359964, 9477483.41157385148108 ], [ 4517549.513228649273515, 9477767.75912556797266 ], [ 4517400.05167280882597, 9477905.799070598557591 ], [ 4517336.952111883088946, 9478029.390151433646679 ], [ 4517009.580302454531193, 9478496.398055190220475 ], [ 4516848.232719304971397, 9478609.176200849935412 ], [ 4516777.67397325951606, 9478717.661222204566002 ], [ 4516731.240164620801806, 9478787.763618955388665 ], [ 4516684.665091548115015, 9478846.823521412909031 ], [ 4516652.91265395283699, 9478910.186973148956895 ], [ 4516518.300784225575626, 9479054.225637704133987 ], [ 4516369.065874868072569, 9479158.507644960656762 ], [ 4515764.212646157480776, 9479581.179951272904873 ], [ 4515764.197729345411062, 9479581.389447467401624 ], [ 4515762.4763960596174, 9479582.410030258819461 ], [ 4515750.97230592276901, 9479590.437361281365156 ], [ 4515752.620613622479141, 9479599.796169493347406 ], [ 4515748.031912892125547, 9479609.729167142882943 ], [ 4515744.242708745412529, 9479625.758812407031655 ], [ 4515734.558692282997072, 9479635.245693830773234 ], [ 4515704.373521798290312, 9479650.403263496235013 ], [ 4515701.901561186648905, 9479658.185739589855075 ], [ 4515711.089649316854775, 9479676.970018550753593 ], [ 4515720.086490563116968, 9479690.956549851223826 ], [ 4515721.577392502687871, 9479709.166472114622593 ], [ 4515732.186696573160589, 9479719.397579470649362 ], [ 4515736.925122018903494, 9479735.318843500688672 ], [ 4515753.425119582563639, 9479735.123568098992109 ], [ 4515764.423262634314597, 9479734.753708753734827 ], [ 4515772.384943935088813, 9479750.104957178235054 ], [ 4515790.786946319043636, 9479748.765960125252604 ], [ 4515793.817842095158994, 9479756.166010545566678 ], [ 4515794.000294740311801, 9479767.719374479725957 ], [ 4515788.477623482234776, 9479773.418599562719464 ], [ 4515785.052768029272556, 9479782.887574104592204 ], [ 4515776.906296373344958, 9479784.420302506536245 ], [ 4515781.441675066947937, 9479794.081982370465994 ], [ 4515778.214411709457636, 9479798.621722038835287 ], [ 4515772.141376889310777, 9479797.494804847985506 ], [ 4515767.778766044415534, 9479792.747632594779134 ], [ 4515759.069463043473661, 9479792.376218359917402 ], [ 4515742.362299907021224, 9479799.00994854234159 ], [ 4515727.569275414571166, 9479792.009977042675018 ], [ 4515707.644088437780738, 9479792.945496035739779 ], [ 4515698.924544043838978, 9479803.368898233398795 ], [ 4515695.300871979445219, 9479809.596047788858414 ], [ 4515688.465187327936292, 9479823.658366285264492 ], [ 4515695.25879321154207, 9479833.55469218082726 ], [ 4515685.987104143947363, 9479837.686054116114974 ], [ 4515696.176177135668695, 9479856.569872194901109 ], [ 4515694.683271444402635, 9479869.722619680687785 ], [ 4515668.877187089063227, 9479870.869722923263907 ], [ 4515668.323706580325961, 9479859.307913616299629 ], [ 4515656.375229035504162, 9479850.383547492325306 ], [ 4515653.552389387972653, 9479827.839123878628016 ], [ 4515642.756291212514043, 9479805.938282171264291 ], [ 4515623.215379118919373, 9479806.045620054006577 ], [ 4515602.229762672446668, 9479790.262571698054671 ], [ 4515609.221851209178567, 9479777.795897221192718 ], [ 4515604.093584907241166, 9479773.613358728587627 ], [ 4515579.205663711763918, 9479772.773540683090687 ], [ 4515576.353992315009236, 9479770.449880788102746 ], [ 4515565.462159378454089, 9479763.015415765345097 ], [ 4515546.643710779026151, 9479746.333160653710365 ], [ 4515542.848495379090309, 9479744.186421427875757 ], [ 4515538.227178039029241, 9479736.431784054264426 ], [ 4515276.043505820445716, 9479907.517118411138654 ], [ 4515219.705156807787716, 9479954.197507675737143 ], [ 4515130.438057141378522, 9480028.168439034372568 ], [ 4515117.150406123138964, 9480039.191489605233073 ], [ 4514920.112458390183747, 9480205.93064452521503 ], [ 4514697.090426435694098, 9480377.788861025124788 ], [ 4514687.259022966958582, 9480385.377362260594964 ], [ 4514660.778676454909146, 9480405.793955290690064 ], [ 4514480.216681276448071, 9480520.796632662415504 ], [ 4514317.283685938455164, 9480631.426974058151245 ], [ 4514191.29985598474741, 9480721.386425433680415 ], [ 4514125.62169037386775, 9480764.440832713618875 ], [ 4514091.10941996332258, 9480787.055760664865375 ], [ 4513979.164647590368986, 9480860.435264341533184 ], [ 4513911.947267381474376, 9480904.501462604850531 ], [ 4513899.272318840026855, 9480884.828699972480536 ], [ 4513897.098360504023731, 9480886.145406723022461 ], [ 4513856.874287020415068, 9480909.776066327467561 ], [ 4513856.806604770943522, 9480909.825216647237539 ], [ 4513616.180619860999286, 9480993.717038227245212 ], [ 4513526.103002982214093, 9481018.04626152664423 ], [ 4513417.91192383877933, 9480824.729705212637782 ], [ 4513355.980883608572185, 9480851.260779907926917 ], [ 4512975.95150412991643, 9481025.885345099493861 ], [ 4512879.509084044024348, 9480861.953481499105692 ], [ 4512542.405502091161907, 9481028.123274028301239 ], [ 4512616.685881352052093, 9481241.791192647069693 ], [ 4512619.058878937736154, 9481248.45396444760263 ], [ 4512626.305332509800792, 9481268.739304058253765 ], [ 4512475.65299207624048, 9481289.041517393663526 ], [ 4512287.205680767074227, 9481314.77960685826838 ], [ 4512128.230427285656333, 9481335.774496383965015 ], [ 4512033.236941691488028, 9481348.553844928741455 ], [ 4511760.097984426654875, 9481388.484348714351654 ], [ 4511722.172435788437724, 9481394.134692715480924 ], [ 4511709.791370702907443, 9481395.969160482287407 ], [ 4511670.842350667342544, 9481401.543451519683003 ], [ 4511655.9740741988644, 9481349.514922825619578 ], [ 4511538.348222932778299, 9480942.511291844770312 ], [ 4511493.200711010023952, 9480939.575452469289303 ], [ 4511359.486299017444253, 9480967.706943681463599 ], [ 4511224.364919980056584, 9481017.924935977905989 ], [ 4510968.811213995330036, 9481148.354984669014812 ], [ 4510847.361092941835523, 9481257.654575793072581 ], [ 4510811.561969217844307, 9481296.27994135953486 ], [ 4510726.680523529648781, 9481387.89010694809258 ], [ 4510636.656785282306373, 9481485.042702754959464 ], [ 4510594.345693986862898, 9481557.615037608891726 ], [ 4510441.825969094410539, 9481548.830040216445923 ], [ 4510402.053630104288459, 9481488.927965115755796 ], [ 4510284.590082655660808, 9481546.937064470723271 ], [ 4510226.642833042889833, 9481575.562006033957005 ], [ 4510269.567294733598828, 9481722.648871771991253 ], [ 4510668.595794345252216, 9482227.447308707982302 ], [ 4510737.110937177203596, 9482442.533957537263632 ], [ 4510675.450737268663943, 9482528.717831697314978 ], [ 4510479.438153365626931, 9482643.070934308692813 ], [ 4510331.02467053104192, 9482710.826594557613134 ], [ 4510290.655436430126429, 9482742.576036309823394 ], [ 4510239.815491027198732, 9482760.43001725897193 ], [ 4510094.705970679409802, 9482784.043399501591921 ], [ 4509549.635427344590425, 9482718.005150988698006 ], [ 4509237.301100010983646, 9482625.076749362051487 ], [ 4508908.279758366756141, 9482555.498526930809021 ], [ 4508000.272498087957501, 9482321.566883217543364 ], [ 4507295.757823577150702, 9482134.744762530550361 ], [ 4506931.447535434737802, 9482034.82183806411922 ], [ 4506436.666462622582912, 9481907.045180829241872 ], [ 4505670.905028791166842, 9481702.866981809958816 ], [ 4505134.56415992602706, 9481524.179484337568283 ], [ 4504334.439067203551531, 9481305.170691912993789 ], [ 4503897.547580508515239, 9481184.693656053394079 ], [ 4503723.732214388437569, 9481173.932946495711803 ], [ 4503570.291432029567659, 9481183.609720000997186 ], [ 4503411.771252625621855, 9481187.788954060524702 ], [ 4503269.038069447502494, 9481202.204290863126516 ], [ 4502955.862500720657408, 9481281.676338072866201 ], [ 4502681.460512512363493, 9481349.163346806541085 ], [ 4502386.007118039764464, 9481415.676719177514315 ], [ 4502169.920401681214571, 9481460.654438668861985 ], [ 4501509.8062853096053, 9481713.510264024138451 ], [ 4501510.818290800787508, 9481655.702886970713735 ], [ 4501513.988892537541687, 9481472.968341313302517 ], [ 4501435.978865057229996, 9481475.394232850521803 ], [ 4501319.005679965950549, 9481475.233576046302915 ], [ 4501305.948682931251824, 9481475.194770054891706 ], [ 4501305.319839128293097, 9481464.700602890923619 ], [ 4501304.91730784997344, 9481457.123618993908167 ], [ 4501302.620564115233719, 9481419.086444409564137 ], [ 4501227.229772934690118, 9481426.982887992635369 ], [ 4501148.895360457710922, 9481434.920733220875263 ], [ 4501141.941565826535225, 9481368.130367811769247 ], [ 4501133.616315067745745, 9481288.367863159626722 ], [ 4501054.611425299197435, 9481296.933417741209269 ], [ 4500774.99478686414659, 9481326.233591286465526 ], [ 4500463.673132937401533, 9481359.739868428558111 ], [ 4500147.205290270037949, 9481393.356770904734731 ], [ 4499742.45385563839227, 9481436.835668897256255 ], [ 4499482.209480268880725, 9481465.401179390028119 ], [ 4499243.152320943772793, 9481490.722099179401994 ], [ 4499130.394248371012509, 9481499.050146892666817 ], [ 4499080.099879791028798, 9481500.987866213545203 ], [ 4498979.616228233091533, 9481502.095652053132653 ], [ 4498875.601633744314313, 9481499.944498719647527 ], [ 4498777.300846080295742, 9481496.184185963124037 ], [ 4498680.076406572014093, 9481490.199769403785467 ], [ 4498583.498621985316277, 9481481.658816384151578 ], [ 4498478.530910017900169, 9481468.276958672329783 ], [ 4498378.820706279948354, 9481454.092879453673959 ], [ 4498281.48973401915282, 9481439.028713274747133 ], [ 4498184.007923847995698, 9481421.159444322809577 ], [ 4498087.542794588021934, 9481398.212639411911368 ], [ 4497991.617230898700655, 9481371.692187352105975 ], [ 4497896.71959138661623, 9481339.141755986958742 ], [ 4497809.269671087153256, 9481304.199013331905007 ], [ 4497725.780720909126103, 9481270.360829902812839 ], [ 4497684.543417420238256, 9481253.352677324786782 ], [ 4497680.166780320927501, 9481264.080394374206662 ], [ 4497636.775110725313425, 9481246.502603378146887 ], [ 4497471.789717935025692, 9481178.677683727815747 ], [ 4497310.176637799479067, 9481112.279332580044866 ], [ 4497150.140509570017457, 9481046.422786755487323 ], [ 4497133.397278917953372, 9481039.525573028251529 ], [ 4497015.537545401602983, 9480990.990456881001592 ], [ 4496614.667264815419912, 9481258.486033290624619 ], [ 4495117.323377008549869, 9482571.682083355262876 ], [ 4493873.464990367181599, 9483727.572280839085579 ], [ 4493522.771858936175704, 9483414.490734519436955 ], [ 4493313.013432990759611, 9482758.199819695204496 ], [ 4493403.222629508934915, 9481875.250336334109306 ], [ 4493406.803332248702645, 9481840.127719121053815 ], [ 4493395.135045863687992, 9481774.314321491867304 ], [ 4493308.667965347878635, 9481287.230360360816121 ], [ 4493046.477836599573493, 9480978.410169033333659 ], [ 4493079.050142244435847, 9480848.59840708039701 ], [ 4493436.114310773089528, 9480612.138586733490229 ], [ 4493521.177652508020401, 9480118.869280865415931 ], [ 4493641.663635452277958, 9479708.610133284702897 ], [ 4493779.143985818140209, 9479327.826782112941146 ], [ 4493743.979383191093802, 9478909.673885541036725 ], [ 4493706.32222584541887, 9478375.645916301757097 ], [ 4493680.038580873981118, 9477848.897332550957799 ], [ 4493687.037793857976794, 9477397.233624622225761 ], [ 4493782.722016891464591, 9476721.120655352249742 ], [ 4493799.405691614374518, 9476541.411749137565494 ], [ 4493848.389829787425697, 9476275.974088113754988 ], [ 4493862.207584221847355, 9476047.383944720029831 ], [ 4493844.160245735198259, 9475933.999640354886651 ], [ 4493854.159185037016869, 9475752.817152068018913 ], [ 4493883.472612590529025, 9475643.259652875363827 ], [ 4493906.108651805669069, 9475503.351859420537949 ], [ 4493894.325817663222551, 9475334.11786999180913 ], [ 4493831.095567656680942, 9475276.668438130989671 ], [ 4493807.242472447454929, 9475156.551580063998699 ], [ 4493820.722483546473086, 9475032.27719109877944 ], [ 4493912.427925339899957, 9474617.288079556077719 ], [ 4493882.022008305415511, 9474606.880853084847331 ], [ 4493870.550089500844479, 9474605.494240636005998 ], [ 4493871.427398407831788, 9474598.480286069214344 ], [ 4493844.37041693367064, 9474590.315439697355032 ], [ 4493808.292549205012619, 9474579.374544845893979 ], [ 4493803.780213644728065, 9474576.989529194310308 ], [ 4493787.062363837845623, 9474570.275667937472463 ], [ 4493779.490412073209882, 9474567.214540105313063 ], [ 4493774.661929160356522, 9474568.204418344423175 ], [ 4493744.016452581621706, 9474575.22480421513319 ], [ 4493694.335343076847494, 9474562.882596775889397 ], [ 4493675.517451073974371, 9474560.165990751236677 ], [ 4493638.358559770509601, 9474552.581157810986042 ], [ 4493619.292091345414519, 9474537.417719233781099 ], [ 4493625.413661464117467, 9474526.221296908333898 ], [ 4493592.751743628643453, 9474506.084529088810086 ], [ 4493584.758002313785255, 9474507.306746790185571 ], [ 4493548.075001832097769, 9474556.83271580375731 ], [ 4493533.016257716342807, 9474602.872212806716561 ], [ 4493537.355157507583499, 9474621.987580422312021 ], [ 4493547.941084485501051, 9474626.376161841675639 ], [ 4493544.01751771196723, 9474642.548547271639109 ], [ 4493530.010965422727168, 9474681.915988685563207 ], [ 4493525.723383914679289, 9474693.857018003240228 ], [ 4493504.876582873985171, 9474723.595311220735312 ], [ 4493473.990990153513849, 9474731.041017850860953 ], [ 4493421.000129548832774, 9474815.381613301113248 ], [ 4493415.510854138061404, 9474848.243180554360151 ], [ 4493438.386564218439162, 9474866.190434094518423 ], [ 4493456.765968745574355, 9474879.663439724594355 ], [ 4493501.958899021148682, 9474919.892379214987159 ], [ 4493499.685087102465332, 9474939.994399158284068 ], [ 4493490.320223619230092, 9474937.323655359447002 ], [ 4493486.432279082946479, 9474956.371433578431606 ], [ 4493475.967245073057711, 9474956.54796726629138 ], [ 4493474.506510715931654, 9474961.565609676763415 ], [ 4493470.495558142662048, 9474964.009685900062323 ], [ 4493467.706559620797634, 9474972.601954221725464 ], [ 4493462.402297203429043, 9475033.223711371421814 ], [ 4493462.1229966012761, 9475036.342421621084213 ], [ 4493455.579970890656114, 9475035.446561232209206 ], [ 4493444.761720136739314, 9475059.458553733304143 ], [ 4493436.287857858464122, 9475083.593143884092569 ], [ 4493433.961614459753036, 9475082.704514740034938 ], [ 4493411.03714644163847, 9475073.550193646922708 ], [ 4493400.668181153014302, 9475099.076968882232904 ], [ 4493391.503915392793715, 9475121.450968541204929 ], [ 4493337.397522171027958, 9475101.612850707024336 ], [ 4493314.45168081112206, 9475148.711250586435199 ], [ 4493273.994838272221386, 9475206.033763881772757 ], [ 4493192.683965251781046, 9475186.058157609775662 ], [ 4493187.164856216870248, 9475124.627099 ], [ 4493185.986428087577224, 9475056.47242927365005 ], [ 4493188.623475505039096, 9475039.30294893309474 ], [ 4493187.421336323954165, 9474970.500345889478922 ], [ 4493182.940838138572872, 9474970.247563624754548 ], [ 4493166.095193556509912, 9474970.797067824751139 ], [ 4493160.712228259071708, 9474978.788921158760786 ], [ 4493155.50637227203697, 9474984.663404366001487 ], [ 4493146.319397335872054, 9474980.524022983387113 ], [ 4493126.683195757679641, 9475011.122418474406004 ], [ 4493123.334482835605741, 9475024.050069078803062 ], [ 4493111.302181715145707, 9475095.241484889760613 ], [ 4493109.737474951893091, 9475103.116132015362382 ], [ 4493093.453771158121526, 9475098.147499021142721 ], [ 4493086.146648462861776, 9475126.97094358317554 ], [ 4493078.920788995921612, 9475161.173379914835095 ], [ 4493066.441762758418918, 9475203.757355598732829 ], [ 4493116.769304546527565, 9475241.227072320878506 ], [ 4493120.785823093727231, 9475248.409934485331178 ], [ 4493108.282640527002513, 9475291.59850431792438 ], [ 4493113.990658736787736, 9475327.228555839508772 ], [ 4493041.490834730677307, 9475339.078655945137143 ], [ 4493043.175877864472568, 9475355.347794014960527 ], [ 4493016.869857674464583, 9475375.312764009460807 ], [ 4492980.621782444417477, 9475374.974150782451034 ], [ 4492978.408083049580455, 9475399.923268461599946 ], [ 4492982.500076211988926, 9475440.786391835659742 ], [ 4493020.093447489663959, 9475439.892548065632582 ], [ 4493035.671051752753556, 9475442.011356053873897 ], [ 4493073.792077416554093, 9475461.836729658767581 ], [ 4493089.198583622463048, 9475468.137342123314738 ], [ 4493115.631841990165412, 9475478.184988906607032 ], [ 4493126.100660862401128, 9475600.703530833125114 ], [ 4493053.60651415027678, 9475605.199994152411819 ], [ 4493058.363084672950208, 9475679.352890096604824 ], [ 4493076.75952108297497, 9475676.821195358410478 ], [ 4493135.53765937499702, 9475672.944555703550577 ], [ 4493181.537210680544376, 9475664.317573145031929 ], [ 4493215.407167629338801, 9475666.737852467224002 ], [ 4493212.205841712653637, 9475700.7485127504915 ], [ 4493204.927996043115854, 9475701.944053562358022 ], [ 4493214.792127442546189, 9475749.162002703174949 ], [ 4493211.329423361457884, 9475772.25590923987329 ], [ 4493265.670478071086109, 9475818.581470496952534 ], [ 4493351.689497635699809, 9475823.955162197351456 ], [ 4493400.699350610375404, 9475842.405092174187303 ], [ 4493509.504356745630503, 9475887.792491981759667 ], [ 4493582.490201648324728, 9475916.169878827407956 ], [ 4493635.920662921853364, 9475938.237036252394319 ], [ 4493622.010179352946579, 9476022.546025769785047 ], [ 4493609.295823710970581, 9476073.821862583979964 ], [ 4493577.379635145887733, 9476202.272500773891807 ], [ 4493567.240878562442958, 9476263.129198888316751 ], [ 4493566.211618551053107, 9476284.952365962788463 ], [ 4493592.491923937574029, 9476307.765463840216398 ], [ 4493621.760489733889699, 9476345.061622474342585 ], [ 4493632.981605725362897, 9476375.50564425997436 ], [ 4493635.298720926977694, 9476393.169043367728591 ], [ 4493631.961028634570539, 9476437.304079502820969 ], [ 4493628.035124152898788, 9476472.366244185715914 ], [ 4493615.872913186438382, 9476539.95857441239059 ], [ 4493600.878177776001394, 9476589.744391784071922 ], [ 4493585.962145246565342, 9476639.156209010630846 ], [ 4493552.020832503214478, 9476702.447386322543025 ], [ 4493512.782270471565425, 9476764.75049558468163 ], [ 4493413.636122594587505, 9476905.246362883597612 ], [ 4493335.694890559650958, 9477002.92010223865509 ], [ 4493273.43323144223541, 9477080.178579803556204 ], [ 4493041.084407270886004, 9477399.392578834667802 ], [ 4493085.016978270374238, 9477428.268590208142996 ], [ 4492990.339194754138589, 9477685.513369532302022 ], [ 4492914.814040946774185, 9477865.99399945512414 ], [ 4493058.051724056713283, 9477878.159940306097269 ], [ 4493104.461042407900095, 9477918.248221149668097 ], [ 4493049.232993996702135, 9477939.81688860245049 ], [ 4492897.754662941209972, 9477905.188314208760858 ], [ 4492832.667158549651504, 9477935.378670854493976 ], [ 4492807.140486115589738, 9477971.21753978356719 ], [ 4492781.722795464098454, 9477974.587075108662248 ], [ 4492744.299743007868528, 9478043.815078360959888 ], [ 4492687.796084551140666, 9478167.374181231483817 ], [ 4492643.681060905568302, 9478411.018962239846587 ], [ 4492493.182341368868947, 9478402.752995558083057 ], [ 4492491.353918733075261, 9478420.573774939402938 ], [ 4492489.244191743433475, 9478584.079726317897439 ], [ 4492490.037231796421111, 9478690.692064229398966 ], [ 4492488.203688463196158, 9478769.853728348389268 ], [ 4492482.839536159299314, 9478838.67859167419374 ], [ 4492509.316431767307222, 9478949.737760836258531 ], [ 4492514.524180185981095, 9479044.589020846411586 ], [ 4492514.711419568397105, 9479227.800265913829207 ], [ 4492511.503748442046344, 9479846.795336801558733 ], [ 4492494.171081086620688, 9479840.049567714333534 ], [ 4492473.278861693106592, 9479831.693213481456041 ], [ 4492447.84113353304565, 9479821.391074506565928 ], [ 4491704.678558207117021, 9479530.643701875582337 ], [ 4491113.531207841821015, 9479285.792615443468094 ], [ 4491080.996416864916682, 9479272.728111781179905 ], [ 4491068.33248895406723, 9479285.282345451414585 ], [ 4491054.90546593349427, 9479299.164133442565799 ], [ 4490501.026099972426891, 9479848.224361598491669 ], [ 4489624.342474611476064, 9480756.626355141401291 ], [ 4489610.614332367666066, 9480770.031698482111096 ], [ 4489569.429571677930653, 9480810.247363744303584 ], [ 4489097.354224083945155, 9481271.276107413694263 ], [ 4488502.562718868255615, 9481874.393451577052474 ], [ 4488207.050102425739169, 9482176.498597390949726 ], [ 4488142.698753827251494, 9482246.20167887955904 ], [ 4487844.376433437690139, 9482554.236621975898743 ], [ 4487295.243507926352322, 9483132.024037435650826 ], [ 4486573.289855945855379, 9483824.813729317858815 ], [ 4486567.632710742764175, 9483830.729731960222125 ], [ 4486025.632136327214539, 9484314.357187846675515 ], [ 4485421.335059790872037, 9484873.526396872475743 ], [ 4485115.513924543745816, 9485173.505040103569627 ], [ 4484636.81918606813997, 9485644.193436950445175 ], [ 4484515.929002054966986, 9485745.339036306366324 ], [ 4484695.072564281523228, 9486203.878238599747419 ], [ 4484931.708747319877148, 9486777.844327546656132 ], [ 4485180.159935834817588, 9487348.22230845503509 ], [ 4485224.241897591389716, 9487421.657561253756285 ], [ 4485231.321371927857399, 9487433.441481694579124 ], [ 4486137.572901198640466, 9488937.282672185450792 ], [ 4486555.39947794098407, 9489919.980219706892967 ], [ 4486629.908952713944018, 9489903.386376703158021 ], [ 4486770.703395640477538, 9489872.00232382491231 ], [ 4486914.776308890432119, 9489838.847537845373154 ], [ 4487108.042640956118703, 9489794.067947302013636 ], [ 4487593.006670514121652, 9489638.705539848655462 ], [ 4487606.657779669389129, 9489672.359269861131907 ], [ 4487650.974402911961079, 9489761.578924361616373 ], [ 4487717.562048762105405, 9489882.005462367087603 ], [ 4487804.770183127373457, 9490024.470911601558328 ], [ 4487827.249707140028477, 9490055.019004052504897 ], [ 4487845.20576364453882, 9490076.618020374327898 ], [ 4487862.770866096019745, 9490097.673155352473259 ], [ 4487976.624211139045656, 9490186.808818094432354 ], [ 4487989.799652110785246, 9490196.817582976073027 ], [ 4487996.077180835418403, 9490201.589365055784583 ], [ 4488083.095960746519268, 9490272.02546045742929 ], [ 4488262.589734091423452, 9490850.837701544165611 ], [ 4488253.331737319938838, 9490906.501586051657796 ], [ 4488227.779238764196634, 9491048.144986018538475 ], [ 4488245.264413822442293, 9491088.175686694681644 ], [ 4488259.013038852252066, 9491112.765080103650689 ], [ 4488295.837415087036788, 9491168.186474408954382 ], [ 4488316.400574065744877, 9491216.941557705402374 ], [ 4488317.57388149946928, 9491259.212573826313019 ], [ 4488313.627271591685712, 9491302.458970041945577 ], [ 4488316.056151561439037, 9491342.197328675538301 ], [ 4488319.423232199624181, 9491388.644522709771991 ], [ 4488346.449489493854344, 9491425.984624940901995 ], [ 4488332.251356360502541, 9491574.064318982884288 ], [ 4488342.423286151140928, 9491672.139261607080698 ], [ 4488334.289170958101749, 9491711.307647604495287 ], [ 4488340.448701023124158, 9491755.331471081823111 ], [ 4488343.887582732364535, 9491779.899869535118341 ], [ 4488392.608450309373438, 9491863.774747857823968 ], [ 4489480.136534569784999, 9493310.242348564788699 ], [ 4492931.940878563560545, 9489228.096014069393277 ], [ 4494541.57852534763515, 9487323.232260277494788 ], [ 4495403.313390248455107, 9488007.078149858862162 ], [ 4495541.59746733866632, 9488114.240619113668799 ], [ 4495500.135298479348421, 9488454.572343811392784 ], [ 4495510.112864437513053, 9488662.69668635353446 ], [ 4495635.992276711389422, 9488830.035980392247438 ], [ 4495695.173502879217267, 9488879.85408890247345 ], [ 4495766.764848520047963, 9488998.334106091409922 ], [ 4496204.312007016502321, 9489015.724785316735506 ], [ 4496934.306265817023814, 9489000.615481061860919 ], [ 4497027.181786777451634, 9488998.683991113677621 ], [ 4497191.219850701279938, 9488771.504004064947367 ], [ 4497222.30092044826597, 9488673.030630441382527 ], [ 4497288.036638233810663, 9488546.513367395848036 ], [ 4497393.940658438950777, 9488426.607577078044415 ], [ 4497434.006324286572635, 9488364.405867889523506 ], [ 4497486.040393868461251, 9488316.932885544374585 ], [ 4497596.407101141288877, 9488216.661459527909756 ], [ 4497855.488299150019884, 9488036.991644417867064 ], [ 4497997.538091974332929, 9487966.207281842827797 ], [ 4498436.962987640872598, 9487804.514144359156489 ], [ 4498496.487300479784608, 9487972.924820899963379 ], [ 4498580.69415005389601, 9488149.568974576890469 ], [ 4498813.980618296191096, 9488104.786107992753386 ], [ 4499059.81858176458627, 9488050.646192079409957 ], [ 4499419.690561808645725, 9487921.231629509478807 ], [ 4499629.195401953533292, 9487873.297861935570836 ], [ 4499597.188821961171925, 9487676.951324250549078 ], [ 4499512.93232389446348, 9487671.852919436991215 ], [ 4499460.068590147420764, 9487459.542711498215795 ], [ 4499461.397967507131398, 9487459.09761799313128 ], [ 4499457.576703346334398, 9487443.253964733332396 ], [ 4500035.0177300889045, 9487262.817482888698578 ], [ 4500236.688906347379088, 9487201.617928728461266 ], [ 4500237.606290271505713, 9487291.255349759012461 ], [ 4500235.531406281515956, 9487387.09485675022006 ], [ 4500216.698152190074325, 9487465.652587136253715 ], [ 4500204.910086032934487, 9487519.916707118973136 ], [ 4500173.691759354434907, 9487598.106937980279326 ], [ 4500156.246881952509284, 9487644.545055875554681 ], [ 4500128.297118162736297, 9487868.08848874270916 ], [ 4500102.344648675993085, 9487919.14869425073266 ], [ 4500147.856509291566908, 9487909.807860974222422 ], [ 4500411.694500463083386, 9487832.400061385706067 ], [ 4500501.084051569923759, 9488087.977975603193045 ], [ 4500507.766449282877147, 9488108.222886446863413 ], [ 4500620.187001159414649, 9488074.642380183562636 ], [ 4500639.220630333758891, 9488068.507377732545137 ], [ 4500659.737480403855443, 9488062.316188905388117 ], [ 4500679.093713463284075, 9488088.10071736946702 ], [ 4500698.788914371281862, 9488097.650758422911167 ], [ 4500732.876723565161228, 9488125.689577473327518 ], [ 4500760.293934910558164, 9488149.797628426924348 ], [ 4500773.754576418548822, 9488166.346438258886337 ], [ 4500908.704078160226345, 9488120.241784101352096 ], [ 4501010.787724761292338, 9488043.494842475280166 ], [ 4500994.174960552714765, 9488026.461831299588084 ], [ 4500988.940384137444198, 9488004.024919321760535 ], [ 4500969.876810018904507, 9487946.694552829489112 ], [ 4500945.522999741137028, 9487889.402198130264878 ], [ 4500920.052766287699342, 9487808.077138775959611 ], [ 4500928.013000436127186, 9487803.755454646423459 ], [ 4500931.703686834312975, 9487801.919063365086913 ], [ 4500923.696698499843478, 9487787.186779184266925 ], [ 4500916.482304940931499, 9487773.772257804870605 ], [ 4500895.461066258139908, 9487745.078173022717237 ], [ 4500887.677607461810112, 9487723.96997601352632 ], [ 4500879.681639757938683, 9487703.38126520998776 ], [ 4500953.375587941147387, 9487680.117308614775538 ], [ 4501067.528271093964577, 9487664.963475978001952 ], [ 4501338.850271631032228, 9487703.64123572781682 ], [ 4501489.489810323342681, 9487922.113070726394653 ], [ 4501631.891818015836179, 9488132.442226506769657 ], [ 4501760.044708248227835, 9488726.684305094182491 ], [ 4501789.726491995155811, 9488929.206644238904119 ], [ 4502173.900296117179096, 9489186.893308578059077 ], [ 4502227.27988438308239, 9489214.032834697514772 ], [ 4502356.438880173489451, 9489279.823891958221793 ], [ 4502523.833560703322291, 9489365.099781088531017 ], [ 4502618.268333772197366, 9489413.196480985730886 ], [ 4502711.047118095681071, 9489460.448911961168051 ], [ 4502770.3997762799263, 9489490.705003002658486 ], [ 4502805.79269518237561, 9489508.718237712979317 ], [ 4502834.107698221690953, 9489523.142533836886287 ], [ 4502853.084331817924976, 9489536.807206531986594 ], [ 4502876.788036269135773, 9489553.894365396350622 ], [ 4502904.831197112798691, 9489594.107484878972173 ], [ 4502925.419291656464338, 9489651.318611895665526 ], [ 4502934.361586352810264, 9489717.296343125402927 ], [ 4502939.14609806612134, 9489706.978742824867368 ], [ 4502956.454163813963532, 9489669.474450947716832 ], [ 4502978.821366460993886, 9489605.091597855091095 ], [ 4503033.027390627190471, 9489531.21898184157908 ], [ 4503108.975001901388168, 9489449.147750396281481 ], [ 4503158.903240676037967, 9489383.714085061103106 ], [ 4503200.729869549162686, 9489323.19233032129705 ], [ 4503265.215803411789238, 9489302.319504106417298 ], [ 4503314.829230666160583, 9489277.412153592333198 ], [ 4503345.353702958673239, 9489257.836493268609047 ], [ 4503376.402824010699987, 9489252.024202574044466 ], [ 4503433.067784409970045, 9489243.41947265714407 ], [ 4503600.416267350316048, 9489210.336010206490755 ], [ 4503599.654396755620837, 9489292.579028375446796 ], [ 4503694.528993132524192, 9489309.4506317358464 ], [ 4503699.665719715878367, 9489322.991350857540965 ], [ 4503713.46532907243818, 9489328.111667038872838 ], [ 4503737.804445178247988, 9489337.477426450699568 ], [ 4503736.478630043566227, 9489341.06113675236702 ], [ 4503756.112271272577345, 9489348.793949075043201 ], [ 4503750.086547235958278, 9489358.182786507532001 ], [ 4503783.083648058585823, 9489372.981801411136985 ], [ 4503825.082154225558043, 9489392.47982282564044 ], [ 4503837.682741345837712, 9489398.412921646609902 ] ] ] } }
]
}
